"","ADF_PERC_DW.13.comps"
"(Intercept)",17.8435904393129
"Wave_1200",139.439467922468
"Wave_1201",140.125348046862
"Wave_1202",140.963065466511
"Wave_1203",133.770431974809
"Wave_1204",129.919065385685
"Wave_1205",133.074573739169
"Wave_1206",132.939641946695
"Wave_1207",128.345849262653
"Wave_1208",124.950987519832
"Wave_1209",119.067856099112
"Wave_1210",113.329894305846
"Wave_1211",109.382617407344
"Wave_1212",103.412393449635
"Wave_1213",95.7797064623228
"Wave_1214",85.9244082822582
"Wave_1215",75.4830040320874
"Wave_1216",69.346696892266
"Wave_1217",61.9294830066388
"Wave_1218",51.3522351636099
"Wave_1219",40.3213786382069
"Wave_1220",33.3205693786747
"Wave_1221",26.5294252292964
"Wave_1222",21.5536630562838
"Wave_1223",16.19719791423
"Wave_1224",10.2615396370661
"Wave_1225",2.28658419863232
"Wave_1226",-1.86240313375722
"Wave_1227",-3.76882827932757
"Wave_1228",-10.3650450863479
"Wave_1229",-15.7772343250483
"Wave_1230",-16.6715418741534
"Wave_1231",-18.6989877640864
"Wave_1232",-21.0138919018787
"Wave_1233",-23.7089889485136
"Wave_1234",-26.434099372847
"Wave_1235",-31.7060602859054
"Wave_1236",-38.4404881631514
"Wave_1237",-39.655871229757
"Wave_1238",-40.7805393614716
"Wave_1239",-43.8012005094466
"Wave_1240",-44.9133134185836
"Wave_1241",-43.2310268167363
"Wave_1242",-45.4295302458304
"Wave_1243",-49.4563942819024
"Wave_1244",-50.0212381755256
"Wave_1245",-48.5096930312836
"Wave_1246",-44.6107607038701
"Wave_1247",-41.5968174497344
"Wave_1248",-43.4431996848703
"Wave_1249",-46.3311212443185
"Wave_1250",-48.4638090332595
"Wave_1251",-51.8616168833716
"Wave_1252",-51.2918724966657
"Wave_1253",-48.5198126929247
"Wave_1254",-49.2778753462407
"Wave_1255",-50.7410144695952
"Wave_1256",-51.8420429697416
"Wave_1257",-53.5113202500102
"Wave_1258",-55.9442907154464
"Wave_1259",-57.7657278388221
"Wave_1260",-56.1046746624006
"Wave_1261",-53.4177115629015
"Wave_1262",-54.0784153228832
"Wave_1263",-56.5600034611736
"Wave_1264",-56.8786525639649
"Wave_1265",-55.7442119366016
"Wave_1266",-57.7143939080526
"Wave_1267",-59.3086874577291
"Wave_1268",-57.7555031731144
"Wave_1269",-56.2768072897187
"Wave_1270",-59.123429781771
"Wave_1271",-61.366283911144
"Wave_1272",-59.456587237915
"Wave_1273",-58.2514372821657
"Wave_1274",-59.1800046351525
"Wave_1275",-58.6322395880467
"Wave_1276",-55.4571306112556
"Wave_1277",-55.4338433577991
"Wave_1278",-56.8758775190841
"Wave_1279",-53.8705327820817
"Wave_1280",-50.659304961914
"Wave_1281",-52.5897800748694
"Wave_1282",-53.4186570122111
"Wave_1283",-50.2340794566318
"Wave_1284",-48.1843578510496
"Wave_1285",-48.2611548614805
"Wave_1286",-48.1927234701185
"Wave_1287",-43.7872634677198
"Wave_1288",-39.1172535141376
"Wave_1289",-37.2988421767901
"Wave_1290",-34.7535077112444
"Wave_1291",-30.8956500343825
"Wave_1292",-26.0155665831746
"Wave_1293",-21.0854410266534
"Wave_1294",-18.9075476053126
"Wave_1295",-17.9786873743667
"Wave_1296",-13.3332813985636
"Wave_1297",-8.21864394118784
"Wave_1298",-6.56450789377747
"Wave_1299",-1.83470362678274
"Wave_1300",3.72645356700281
"Wave_1301",3.99638592276672
"Wave_1302",6.06391163217084
"Wave_1303",12.7906908473901
"Wave_1304",15.9645764403658
"Wave_1305",16.9115982827444
"Wave_1306",18.5782638619504
"Wave_1307",19.9707696708335
"Wave_1308",20.6712970326894
"Wave_1309",23.9265746850557
"Wave_1310",29.6962988584865
"Wave_1311",31.9966459631928
"Wave_1312",30.3718508373165
"Wave_1313",30.8469939180189
"Wave_1314",30.9595519325409
"Wave_1315",33.4439188029449
"Wave_1316",37.3502418585959
"Wave_1317",41.456422926148
"Wave_1318",43.8668924792907
"Wave_1319",41.5823634001094
"Wave_1320",40.9001577721816
"Wave_1321",45.6961987260485
"Wave_1322",50.7497498452003
"Wave_1323",51.8255715099911
"Wave_1324",51.4923728333611
"Wave_1325",53.2744661701778
"Wave_1326",54.759267729805
"Wave_1327",55.4508857579089
"Wave_1328",58.1211815639257
"Wave_1329",57.2443492688907
"Wave_1330",55.7082444956642
"Wave_1331",57.069577414131
"Wave_1332",56.6521515910922
"Wave_1333",54.0737724063584
"Wave_1334",53.7555614317678
"Wave_1335",55.3136022720728
"Wave_1336",55.9680595248934
"Wave_1337",54.6577538205308
"Wave_1338",52.5573862615766
"Wave_1339",49.0291578420227
"Wave_1340",46.0590206055346
"Wave_1341",43.3297288550465
"Wave_1342",39.0214938137049
"Wave_1343",32.8432080224986
"Wave_1344",29.056486617441
"Wave_1345",28.9305849445074
"Wave_1346",29.1077397247011
"Wave_1347",27.6382217069581
"Wave_1348",23.8212682351013
"Wave_1349",20.6259092093923
"Wave_1350",16.6529381223007
"Wave_1351",11.7463409471306
"Wave_1352",7.53596848387053
"Wave_1353",2.46735891362906
"Wave_1354",-0.553645093686667
"Wave_1355",-2.48898246684726
"Wave_1356",-5.37161995194666
"Wave_1357",-7.39186863416498
"Wave_1358",-10.9151018500128
"Wave_1359",-15.1554890930096
"Wave_1360",-16.1300544363977
"Wave_1361",-15.5090822650308
"Wave_1362",-18.3491841939546
"Wave_1363",-18.7112817466433
"Wave_1364",-22.1236362907629
"Wave_1365",-25.9785629064873
"Wave_1366",-30.5539971630394
"Wave_1367",-29.662155654132
"Wave_1368",-32.2559398396925
"Wave_1369",-37.1136494845878
"Wave_1370",-43.4310041263681
"Wave_1371",-41.2165816711361
"Wave_1372",-42.0219695918299
"Wave_1373",-44.1305894694458
"Wave_1374",-43.8299546217687
"Wave_1375",-38.4274401887625
"Wave_1376",-34.9274569240052
"Wave_1377",-36.8461793476683
"Wave_1378",-36.2772709235984
"Wave_1379",-33.0169846710482
"Wave_1380",-33.0984260997118
"Wave_1381",-36.9774706038999
"Wave_1382",-34.4135035853247
"Wave_1383",-33.7410382124509
"Wave_1384",-30.2018972031079
"Wave_1385",-34.8807634395634
"Wave_1386",-33.6723180620481
"Wave_1387",-33.0660663874615
"Wave_1388",-27.323756539994
"Wave_1389",-34.5001316872689
"Wave_1390",-35.707083995715
"Wave_1391",-32.3202342627942
"Wave_1392",-29.91824738435
"Wave_1393",-33.3199075947008
"Wave_1394",-36.023195239624
"Wave_1395",-29.745976269631
"Wave_1396",-25.9672673699953
"Wave_1397",-25.8917824061248
"Wave_1398",-28.5966107229373
"Wave_1399",-23.2762445866533
"Wave_1400",-18.0719897699107
"Wave_1401",-12.2355031933931
"Wave_1402",-12.9736739695292
"Wave_1403",-11.2385325006351
"Wave_1404",-6.99507567781066
"Wave_1405",-2.88769058489513
"Wave_1406",-4.58011942385971
"Wave_1407",-2.72955753379894
"Wave_1408",0.234787071342657
"Wave_1409",-3.42891449881822
"Wave_1410",-5.78270842556799
"Wave_1411",-6.55649344517904
"Wave_1412",-5.22454201063394
"Wave_1413",-6.87272598849726
"Wave_1414",-6.4839026480619
"Wave_1415",-8.47820954589356
"Wave_1416",-8.72185971210793
"Wave_1417",-12.6057544467959
"Wave_1418",-11.6856625458597
"Wave_1419",-14.6681918715113
"Wave_1420",-15.1005065675905
"Wave_1421",-16.6124641849906
"Wave_1422",-15.1949166030452
"Wave_1423",-17.3239534189058
"Wave_1424",-14.8117571194982
"Wave_1425",-14.5598734012548
"Wave_1426",-12.0858494924383
"Wave_1427",-10.2360761504925
"Wave_1428",-7.77981087429872
"Wave_1429",-6.80634159679923
"Wave_1430",-7.01816906963419
"Wave_1431",-6.40884613683865
"Wave_1432",-1.09800888146547
"Wave_1433",2.64986951240741
"Wave_1434",4.98732859032654
"Wave_1435",5.76225732733444
"Wave_1436",9.2012556656752
"Wave_1437",13.5918025034264
"Wave_1438",16.6327440195256
"Wave_1439",17.3589122943322
"Wave_1440",19.3787460444887
"Wave_1441",23.6528903186866
"Wave_1442",26.4567302768383
"Wave_1443",27.0467917279818
"Wave_1444",28.9757174400177
"Wave_1445",32.3490254788439
"Wave_1446",34.1235698869802
"Wave_1447",35.0828295323648
"Wave_1448",36.3171743500003
"Wave_1449",38.784185812161
"Wave_1450",40.5823203887416
"Wave_1451",42.6139649376553
"Wave_1452",44.2166601034413
"Wave_1453",43.4238437199743
"Wave_1454",42.0769685387802
"Wave_1455",44.1316461499857
"Wave_1456",45.7500759436555
"Wave_1457",44.409882305278
"Wave_1458",41.7263227010221
"Wave_1459",41.2642377017796
"Wave_1460",39.9569249925519
"Wave_1461",40.3409226818364
"Wave_1462",40.3080781169469
"Wave_1463",41.5289575835572
"Wave_1464",39.6751387409682
"Wave_1465",37.8342735637137
"Wave_1466",36.5579379729147
"Wave_1467",36.968846019399
"Wave_1468",36.3568613778588
"Wave_1469",36.2612045617481
"Wave_1470",32.5675675563088
"Wave_1471",31.1268359535312
"Wave_1472",29.8762488352307
"Wave_1473",28.6308587670082
"Wave_1474",25.8252655789777
"Wave_1475",23.9887717487815
"Wave_1476",22.4653691262893
"Wave_1477",20.6433242398262
"Wave_1478",17.5513964112858
"Wave_1479",16.0813190694074
"Wave_1480",16.9045888513486
"Wave_1481",17.0111712840134
"Wave_1482",14.9105104647769
"Wave_1483",14.8166567934606
"Wave_1484",14.2563796207749
"Wave_1485",10.4400068002974
"Wave_1486",6.43143504269837
"Wave_1487",4.56395611365844
"Wave_1488",4.19579661095727
"Wave_1489",0.486259585207572
"Wave_1490",-3.99654956279323
"Wave_1491",-4.63312977511972
"Wave_1492",-5.41393887101895
"Wave_1493",-9.32661923183448
"Wave_1494",-14.0932615110327
"Wave_1495",-17.2515103254474
"Wave_1496",-18.6872271641141
"Wave_1497",-22.2100855712949
"Wave_1498",-27.5929123276944
"Wave_1499",-30.9868332667631
"Wave_1500",-32.2700587126191
"Wave_1501",-34.0009819707031
"Wave_1502",-37.267298801516
"Wave_1503",-41.7605797773066
"Wave_1504",-42.8867223760987
"Wave_1505",-42.3953996798392
"Wave_1506",-44.6081853469062
"Wave_1507",-45.921553112714
"Wave_1508",-45.6288584043841
"Wave_1509",-45.3081460835667
"Wave_1510",-47.5385118605205
"Wave_1511",-51.2573717768122
"Wave_1512",-51.8227670365095
"Wave_1513",-51.6740480927572
"Wave_1514",-53.7249506508293
"Wave_1515",-54.4326090384673
"Wave_1516",-53.4270048947483
"Wave_1517",-53.5501522073565
"Wave_1518",-55.2142522595831
"Wave_1519",-55.4194419270941
"Wave_1520",-55.4766171259374
"Wave_1521",-55.7149037503543
"Wave_1522",-56.6140372814078
"Wave_1523",-54.6535099810199
"Wave_1524",-52.6110968311549
"Wave_1525",-52.615534452003
"Wave_1526",-53.5587220281422
"Wave_1527",-54.5291849796398
"Wave_1528",-54.2447120648792
"Wave_1529",-52.5794714851297
"Wave_1530",-54.4870575749675
"Wave_1531",-56.2250927010449
"Wave_1532",-55.125635287042
"Wave_1533",-52.9685402541708
"Wave_1534",-53.7849644100086
"Wave_1535",-54.9104790652115
"Wave_1536",-54.4390132546612
"Wave_1537",-53.1673218923213
"Wave_1538",-55.074255050688
"Wave_1539",-56.8904124282937
"Wave_1540",-55.6788252030607
"Wave_1541",-52.9480223037089
"Wave_1542",-51.9658132690954
"Wave_1543",-51.7237155808773
"Wave_1544",-49.0475170305555
"Wave_1545",-46.0486152095931
"Wave_1546",-48.18588194122
"Wave_1547",-48.6478271553135
"Wave_1548",-43.442348450436
"Wave_1549",-39.7650104977877
"Wave_1550",-38.8874815671588
"Wave_1551",-37.2786806142657
"Wave_1552",-35.9331176650541
"Wave_1553",-34.108147491948
"Wave_1554",-31.4242318113944
"Wave_1555",-28.7219015948014
"Wave_1556",-27.6002765011564
"Wave_1557",-26.6544011838285
"Wave_1558",-25.1845334395882
"Wave_1559",-23.0532329436828
"Wave_1560",-21.3446589211918
"Wave_1561",-21.4311080227497
"Wave_1562",-20.7025840094728
"Wave_1563",-18.0305305376882
"Wave_1564",-17.3505370192387
"Wave_1565",-18.7366013124687
"Wave_1566",-18.831006111887
"Wave_1567",-15.9902957032091
"Wave_1568",-14.2974791438727
"Wave_1569",-14.5530358303942
"Wave_1570",-12.0109441498506
"Wave_1571",-9.8359566723378
"Wave_1572",-12.5033831598501
"Wave_1573",-12.5763114568947
"Wave_1574",-8.22237166213063
"Wave_1575",-6.13248963658662
"Wave_1576",-6.00628486027877
"Wave_1577",-6.90327555284706
"Wave_1578",-7.39667038357521
"Wave_1579",-5.03672771687751
"Wave_1580",-4.76592210883035
"Wave_1581",-7.55024943630099
"Wave_1582",-7.80821570210952
"Wave_1583",-5.03895063123375
"Wave_1584",-2.62509757624144
"Wave_1585",-2.38005594868585
"Wave_1586",-3.31093550212378
"Wave_1587",-2.80773751386446
"Wave_1588",-1.28218684682452
"Wave_1589",0.79477822687231
"Wave_1590",3.29435249742463
"Wave_1591",5.04851250427874
"Wave_1592",7.71497173247189
"Wave_1593",11.5543533989287
"Wave_1594",14.0051921726593
"Wave_1595",15.5834360565558
"Wave_1596",19.4939328607257
"Wave_1597",23.7405312791149
"Wave_1598",25.6496484403856
"Wave_1599",28.9194497514682
"Wave_1600",34.7302200918953
"Wave_1601",38.514874394853
"Wave_1602",41.2095369007911
"Wave_1603",44.3147264407224
"Wave_1604",45.4881241025755
"Wave_1605",46.989829908173
"Wave_1606",50.6723548303876
"Wave_1607",53.4905753198397
"Wave_1608",55.7527399479282
"Wave_1609",59.8022027303378
"Wave_1610",63.4129243199627
"Wave_1611",65.040554106432
"Wave_1612",66.6843130237576
"Wave_1613",68.6216387901364
"Wave_1614",70.2448933620226
"Wave_1615",69.9667629985027
"Wave_1616",68.9476481944633
"Wave_1617",71.7213572693624
"Wave_1618",74.9337768384874
"Wave_1619",74.9139341491521
"Wave_1620",74.6700124261104
"Wave_1621",74.0932632840274
"Wave_1622",71.3593107660271
"Wave_1623",70.1905352005001
"Wave_1624",70.8296937416253
"Wave_1625",71.0102006109541
"Wave_1626",71.3971376811845
"Wave_1627",70.0218116860905
"Wave_1628",67.2417160025213
"Wave_1629",67.217370888111
"Wave_1630",67.3583657855417
"Wave_1631",66.6441191159261
"Wave_1632",67.8536023617194
"Wave_1633",69.7269868589006
"Wave_1634",70.2304553749781
"Wave_1635",72.1940431551844
"Wave_1636",77.1333149385033
"Wave_1637",80.9242275047212
"Wave_1638",82.8954574139246
"Wave_1639",85.757730961395
"Wave_1640",92.5390168111175
"Wave_1641",98.5276535918277
"Wave_1642",102.820365651491
"Wave_1643",103.798448645326
"Wave_1644",101.648255563937
"Wave_1645",101.216407866038
"Wave_1646",100.295923205239
"Wave_1647",98.2600209372541
"Wave_1648",93.9721439330779
"Wave_1649",88.1384868893493
"Wave_1650",83.3245457700646
"Wave_1651",77.528690093695
"Wave_1652",66.6018339592649
"Wave_1653",55.2324900741175
"Wave_1654",46.3785687123281
"Wave_1655",35.8260025516636
"Wave_1656",21.4785366515322
"Wave_1657",6.26787199865832
"Wave_1658",-10.7710743817308
"Wave_1659",-27.1141471546087
"Wave_1660",-43.7897151566657
"Wave_1661",-60.9343047557828
"Wave_1662",-79.3984236554122
"Wave_1663",-96.9045601324953
"Wave_1664",-113.88856236923
"Wave_1665",-130.056297905464
"Wave_1666",-145.65957787208
"Wave_1667",-157.982424458528
"Wave_1668",-167.755422905169
"Wave_1669",-176.72963096588
"Wave_1670",-185.265511607371
"Wave_1671",-191.190865432208
"Wave_1672",-194.793354005551
"Wave_1673",-194.713255885332
"Wave_1674",-195.412470674841
"Wave_1675",-195.23228817477
"Wave_1676",-188.634115059456
"Wave_1677",-181.050827774237
"Wave_1678",-176.021663553589
"Wave_1679",-164.245988288119
"Wave_1680",-148.257489473094
"Wave_1681",-133.242411670545
"Wave_1682",-114.939329942973
"Wave_1683",-97.9032229954914
"Wave_1684",-82.0727917274663
"Wave_1685",-68.6383222976555
"Wave_1686",-56.0674235625237
"Wave_1687",-42.3575308843614
"Wave_1688",-28.0701277695807
"Wave_1689",-14.0236843095768
"Wave_1690",2.93962730399957
"Wave_1691",18.1001347940373
"Wave_1692",33.6236984567115
"Wave_1693",50.5652394679839
"Wave_1694",63.1307616095813
"Wave_1695",73.6790588356277
"Wave_1696",81.6150403137407
"Wave_1697",88.3822862476691
"Wave_1698",98.8037712139424
"Wave_1699",108.015682623506
"Wave_1700",112.160584762982
"Wave_1701",117.600121786922
"Wave_1702",121.481722340056
"Wave_1703",122.113600456212
"Wave_1704",126.600741397858
"Wave_1705",133.014703495591
"Wave_1706",133.026322551488
"Wave_1707",131.277161116901
"Wave_1708",131.112518093648
"Wave_1709",128.56862911018
"Wave_1710",123.73893259435
"Wave_1711",116.910101628807
"Wave_1712",108.652113489217
"Wave_1713",99.6194281444293
"Wave_1714",90.4968293457058
"Wave_1715",81.3832691358056
"Wave_1716",69.7346871393468
"Wave_1717",53.1960506807968
"Wave_1718",40.9847039169934
"Wave_1719",32.7575324580489
"Wave_1720",16.4022987809255
"Wave_1721",-2.36538700049473
"Wave_1722",-19.6749356909961
"Wave_1723",-41.7293155121187
"Wave_1724",-60.0593931052589
"Wave_1725",-77.3170786099151
"Wave_1726",-97.1442603406525
"Wave_1727",-116.37536457158
"Wave_1728",-130.928957573797
"Wave_1729",-145.151215570653
"Wave_1730",-156.07065080528
"Wave_1731",-163.174386584677
"Wave_1732",-165.783605937968
"Wave_1733",-167.822485819902
"Wave_1734",-167.907999635887
"Wave_1735",-156.129140723735
"Wave_1736",-140.68796321189
"Wave_1737",-125.754636059408
"Wave_1738",-115.703125005385
"Wave_1739",-97.1739663979668
"Wave_1740",-79.7321277705755
"Wave_1741",-68.9770054114065
"Wave_1742",-56.7797839992022
"Wave_1743",-44.8252240690182
"Wave_1744",-35.4366812885496
"Wave_1745",-24.9334288346603
"Wave_1746",-17.1707489257171
"Wave_1747",-7.19099908080717
"Wave_1748",8.49127885829671
"Wave_1749",16.6212925002303
"Wave_1750",21.0996988504183
"Wave_1751",26.2911347957219
"Wave_1752",27.8570920483349
"Wave_1753",32.5616708722775
"Wave_1754",40.6916882010761
"Wave_1755",38.7540907222911
"Wave_1756",33.0195842814018
"Wave_1757",32.6889534697462
"Wave_1758",30.7927327063026
"Wave_1759",26.4106147275138
"Wave_1760",21.8446161132017
"Wave_1761",17.2032053159792
"Wave_1762",11.9867051713093
"Wave_1763",9.5125032705503
"Wave_1764",5.36944231436
"Wave_1765",0.59388211154387
"Wave_1766",-0.361333952313066
"Wave_1767",3.74422159525653
"Wave_1768",10.2217821976715
"Wave_1769",12.4126962175036
"Wave_1770",16.4203430144038
"Wave_1771",21.4696547430534
"Wave_1772",25.7358429415437
"Wave_1773",32.6167805281874
"Wave_1774",38.834627611477
"Wave_1775",38.2643004927337
"Wave_1776",43.0925302558774
"Wave_1777",47.402737488189
"Wave_1778",44.7024405794075
"Wave_1779",45.8456820079703
"Wave_1780",48.9010414373068
"Wave_1781",47.1096102811913
"Wave_1782",48.7805959212122
"Wave_1783",51.7323372663968
"Wave_1784",48.4784186518567
"Wave_1785",48.7359290302755
"Wave_1786",52.0791430971779
"Wave_1787",53.7783644965717
"Wave_1788",52.7320058295123
"Wave_1789",50.8122846605991
"Wave_1790",48.5806576675074
"Wave_1791",10.9896036312826
"Wave_1792",11.7572380677066
"Wave_1793",13.2217926087504
"Wave_1794",15.0324663039705
"Wave_1795",16.6865813351247
"Wave_1796",13.2925388662327
"Wave_1797",10.8639460787948
"Wave_1798",13.3599234789201
"Wave_1799",11.1236587251727
"Wave_1800",7.4888409721924
"Wave_1801",4.68957460910983
"Wave_1802",2.61291116785568
"Wave_1803",1.08899745149652
"Wave_1804",4.41795343704871
"Wave_1805",4.27036798026286
"Wave_1806",2.24211112150543
"Wave_1807",3.61633359607746
"Wave_1808",8.79379844582894
"Wave_1809",6.89235292185896
"Wave_1810",1.69967909824556
"Wave_1811",2.70499401093697
"Wave_1812",-0.845139913095512
"Wave_1813",-5.42528113088195
"Wave_1814",-3.18559900475709
"Wave_1815",-0.392960150080158
"Wave_1816",-0.0401070012405618
"Wave_1817",-6.97485697737216
"Wave_1818",-8.88102043697955
"Wave_1819",-13.1842571047419
"Wave_1820",-18.1915840326436
"Wave_1821",-16.0773431250503
"Wave_1822",-14.632711939602
"Wave_1823",-14.6634905471711
"Wave_1824",-11.9715817832971
"Wave_1825",-16.0487271738034
"Wave_1826",-19.7705950072876
"Wave_1827",-18.0389297883765
"Wave_1828",-16.376729867106
"Wave_1829",-13.9224471483995
"Wave_1830",-17.16588196743
"Wave_1831",-19.3554465060318
"Wave_1832",-18.566231502315
"Wave_1833",-18.552699210632
"Wave_1834",-20.4873510332138
"Wave_1835",-20.0893293775148
"Wave_1836",-18.8622715417625
"Wave_1837",-18.9966700060806
"Wave_1838",-20.4794002285455
"Wave_1839",-17.0095535625116
"Wave_1840",-14.2137312025705
"Wave_1841",-14.454560858349
"Wave_1842",-13.4068938859001
"Wave_1843",-12.3705149703416
"Wave_1844",-11.2598710156643
"Wave_1845",-11.706523249297
"Wave_1846",-11.1821856159715
"Wave_1847",-3.79852843553781
"Wave_1848",-1.86336794611209
"Wave_1849",-1.34537656481242
"Wave_1850",-3.57754909448136
"Wave_1851",6.31331651103544
"Wave_1852",12.885880687107
"Wave_1853",8.29175690400154
"Wave_1854",6.58613577865603
"Wave_1855",9.44042301218915
"Wave_1856",12.2972214662601
"Wave_1857",10.8312716798246
"Wave_1858",13.8318471132661
"Wave_1859",17.7888220660386
"Wave_1860",21.0354633173983
"Wave_1861",16.6403099957772
"Wave_1862",16.5240390051451
"Wave_1863",21.9627613787919
"Wave_1864",19.7429950015725
"Wave_1865",23.2157101061795
"Wave_1866",20.2744231954826
"Wave_1867",21.9025195319373
"Wave_1868",16.8783266238885
"Wave_1869",15.8254506443377
"Wave_1870",12.3821721694955
"Wave_1871",8.86212771705342
"Wave_1872",13.4359581316501
"Wave_1873",10.0352109599983
"Wave_1874",10.9796536207817
"Wave_1875",3.89065613701114
"Wave_1876",-5.63326682064569
"Wave_1877",-8.40637790023339
"Wave_1878",-8.38641261657991
"Wave_1879",-6.02695592523177
"Wave_1880",-10.9920722935843
"Wave_1881",-11.0498645021418
"Wave_1882",-9.2934273152452
"Wave_1883",-7.03247700966272
"Wave_1884",-13.7834419067832
"Wave_1885",-20.6241680124092
"Wave_1886",-17.4163214902651
"Wave_1887",-14.9401096482067
"Wave_1888",-16.3199043611861
"Wave_1889",-21.7316935852271
"Wave_1890",-19.0384775668659
"Wave_1891",-12.409553261461
"Wave_1892",-10.7805407046627
"Wave_1893",-10.0293425677454
"Wave_1894",-15.9876001084999
"Wave_1895",-6.33760228114341
"Wave_1896",-4.49639184476995
"Wave_1897",0.634557099333235
"Wave_1898",0.89032759252984
"Wave_1899",1.33024326727489
"Wave_1900",2.98179630916544
"Wave_1901",0.108041059476688
"Wave_1902",1.3561329960078
"Wave_1903",-0.570725669087458
"Wave_1904",2.35446401079594
"Wave_1905",0.889723734601531
"Wave_1906",4.11918977989506
"Wave_1907",2.8863820649168
"Wave_1908",5.5391713010959
"Wave_1909",8.63808309701817
"Wave_1910",5.95050564502745
"Wave_1911",-0.481179362881758
"Wave_1912",-4.86108724430082
"Wave_1913",-3.64264760600867
"Wave_1914",-4.21540951115601
"Wave_1915",-2.91820442149085
"Wave_1916",-3.60935234619787
"Wave_1917",-1.20051912746617
"Wave_1918",-1.22703920144073
"Wave_1919",-3.81891181707591
"Wave_1920",-4.88713264362487
"Wave_1921",-6.304188374927
"Wave_1922",-9.4139958198053
"Wave_1923",-9.80621923010995
"Wave_1924",-6.08056759567927
"Wave_1925",-5.80700451455891
"Wave_1926",-7.51591379949405
"Wave_1927",-8.96634789615438
"Wave_1928",-11.1539115515273
"Wave_1929",-11.6223245591687
"Wave_1930",-7.79577884745343
"Wave_1931",-10.1205345045293
"Wave_1932",-15.1524218564209
"Wave_1933",-14.8388223044862
"Wave_1934",-11.7976809581692
"Wave_1935",-8.90011062545176
"Wave_1936",-7.60563744447733
"Wave_1937",-8.05034448600153
"Wave_1938",-11.1973482298539
"Wave_1939",-15.7067744021475
"Wave_1940",-14.670856542143
"Wave_1941",-7.01509239163783
"Wave_1942",-7.84714773558891
"Wave_1943",-12.454574262928
"Wave_1944",-13.5398152126936
"Wave_1945",-15.134647460875
"Wave_1946",-20.1048634648883
"Wave_1947",-25.8806103627739
"Wave_1948",-21.1594348822677
"Wave_1949",-19.8099669406896
"Wave_1950",-22.6575371266952
"Wave_1951",-22.8900832924069
"Wave_1952",-18.4427058273928
"Wave_1953",-15.0558921487908
"Wave_1954",-13.6898759685208
"Wave_1955",-14.6917792773041
"Wave_1956",-14.8756377758656
"Wave_1957",-16.7452573349034
"Wave_1958",-19.5813827240088
"Wave_1959",-19.7435090784425
"Wave_1960",-18.0933865639846
"Wave_1961",-19.4566391947168
"Wave_1962",-20.377299155591
"Wave_1963",-18.8185219257936
"Wave_1964",-18.2329236031641
"Wave_1965",-17.4551756943587
"Wave_1966",-17.7451050367156
"Wave_1967",-21.7837908258134
"Wave_1968",-19.7097040746812
"Wave_1969",-16.7260803333474
"Wave_1970",-14.8798657826152
"Wave_1971",-15.0498679283156
"Wave_1972",-18.9499973463436
"Wave_1973",-19.6728311224894
"Wave_1974",-16.375833954229
"Wave_1975",-14.2129510511328
"Wave_1976",-11.9813020870935
"Wave_1977",-11.3246554853891
"Wave_1978",-12.825669099656
"Wave_1979",-13.0993133619993
"Wave_1980",-9.76164683923552
"Wave_1981",-8.6750881152043
"Wave_1982",-7.72245086976202
"Wave_1983",-10.815042298007
"Wave_1984",-11.3911988481468
"Wave_1985",-7.47786285280723
"Wave_1986",-5.38495905105166
"Wave_1987",-3.82909739812827
"Wave_1988",-3.90902449729842
"Wave_1989",-7.08923900797841
"Wave_1990",-6.76528295929654
"Wave_1991",-3.15604923604628
"Wave_1992",-2.43159902819
"Wave_1993",-2.0960835279
"Wave_1994",2.6726792342417
"Wave_1995",6.87839483521377
"Wave_1996",7.74356658639652
"Wave_1997",7.15435026469608
"Wave_1998",6.5953887995371
"Wave_1999",6.23824915325656
"Wave_2000",2.70374290164078
"Wave_2001",0.690261284337262
"Wave_2002",3.18686787841747
"Wave_2003",5.36959912045048
"Wave_2004",5.4480748664634
"Wave_2005",4.27607687965496
"Wave_2006",3.2285235580205
"Wave_2007",6.75103409088799
"Wave_2008",12.9877036405175
"Wave_2009",16.9889554743051
"Wave_2010",15.2186945316131
"Wave_2011",14.95026610236
"Wave_2012",17.8446596208174
"Wave_2013",16.8902922525487
"Wave_2014",14.841355362455
"Wave_2015",15.6219566873217
"Wave_2016",18.8060865472567
"Wave_2017",21.3203829621315
"Wave_2018",21.9904723296785
"Wave_2019",22.161306633582
"Wave_2020",21.8273312259038
"Wave_2021",21.6686355107778
"Wave_2022",20.7456841085968
"Wave_2023",21.0692697611757
"Wave_2024",21.018177007458
"Wave_2025",22.7782359290818
"Wave_2026",28.5242539305876
"Wave_2027",28.4491566897185
"Wave_2028",26.5632688730756
"Wave_2029",25.9897087419277
"Wave_2030",23.9477424694655
"Wave_2031",19.9597902206769
"Wave_2032",19.6151332822928
"Wave_2033",19.4423486709778
"Wave_2034",17.6928222660677
"Wave_2035",16.9816701554319
"Wave_2036",18.3294650073948
"Wave_2037",18.2279717438177
"Wave_2038",16.0587522154205
"Wave_2039",16.3568642767425
"Wave_2040",14.7270217721439
"Wave_2041",8.59490080842678
"Wave_2042",4.9803109388398
"Wave_2043",3.17456465808702
"Wave_2044",-1.47592981389514
"Wave_2045",-6.05299638579147
"Wave_2046",-7.08360216274487
"Wave_2047",-7.74801891983192
"Wave_2048",-12.3558073619413
"Wave_2049",-19.5684936531467
"Wave_2050",-21.2030457141704
"Wave_2051",-17.8283759128579
"Wave_2052",-19.7349866685247
"Wave_2053",-26.8510061460227
"Wave_2054",-32.2465052549152
"Wave_2055",-28.0810915487461
"Wave_2056",-21.8496353339559
"Wave_2057",-24.9550013446497
"Wave_2058",-27.9296679437606
"Wave_2059",-32.7368173845785
"Wave_2060",-32.5728214119937
"Wave_2061",-30.8411625101087
"Wave_2062",-28.6016897380322
"Wave_2063",-21.3782777738819
"Wave_2064",-18.1473499030577
"Wave_2065",-17.663271429241
"Wave_2066",-16.6658598391835
"Wave_2067",-17.4424319067496
"Wave_2068",-15.0402444931065
"Wave_2069",-13.4798179474235
"Wave_2070",-8.99366247637652
"Wave_2071",-7.84173222064494
"Wave_2072",-4.82280905783281
"Wave_2073",-1.07760512208011
"Wave_2074",1.58068477987368
"Wave_2075",2.67478837225858
"Wave_2076",2.33009322807865
"Wave_2077",3.70651106164778
"Wave_2078",8.64095609810686
"Wave_2079",7.8186104660544
"Wave_2080",3.27868970963816
"Wave_2081",7.29616380364261
"Wave_2082",12.4636558489869
"Wave_2083",14.4141934835508
"Wave_2084",18.2847271822216
"Wave_2085",28.9320519777202
"Wave_2086",34.23232964079
"Wave_2087",29.3732119267324
"Wave_2088",29.9719551941827
"Wave_2089",34.1670317761025
"Wave_2090",36.957763648974
"Wave_2091",38.5019721286817
"Wave_2092",36.8198613060419
"Wave_2093",34.7416231838289
"Wave_2094",38.0364279306648
"Wave_2095",41.5986092850579
"Wave_2096",38.0043212579526
"Wave_2097",32.0482974259768
"Wave_2098",33.1612679505202
"Wave_2099",33.5513721534847
"Wave_2100",35.6780150793933
"Wave_2101",37.0018877978186
"Wave_2102",41.3148796133194
"Wave_2103",40.8424330884758
"Wave_2104",35.0223079910065
"Wave_2105",34.8497046138989
"Wave_2106",35.8354255215474
"Wave_2107",35.9000481513214
"Wave_2108",38.2455904601096
"Wave_2109",37.4958391374815
"Wave_2110",34.7755474405942
"Wave_2111",35.1488030713923
"Wave_2112",35.9783361932876
"Wave_2113",37.3691920593293
"Wave_2114",37.471113079155
"Wave_2115",34.4424054188136
"Wave_2116",33.0031801390217
"Wave_2117",34.8155994511813
"Wave_2118",38.5277998221912
"Wave_2119",42.5915460539475
"Wave_2120",42.0463640581552
"Wave_2121",39.2193518108864
"Wave_2122",41.9785512917415
"Wave_2123",41.6507217997299
"Wave_2124",37.5976424948852
"Wave_2125",36.1991351036843
"Wave_2126",37.7845077163318
"Wave_2127",38.6789358726429
"Wave_2128",36.3014202016447
"Wave_2129",36.231697457601
"Wave_2130",34.0909204836419
"Wave_2131",31.0999680697128
"Wave_2132",25.2118766612562
"Wave_2133",17.6490025228821
"Wave_2134",15.751466312667
"Wave_2135",14.0314492854043
"Wave_2136",6.34446483639045
"Wave_2137",-0.447669737308841
"Wave_2138",-2.48650569895473
"Wave_2139",-2.11988708049775
"Wave_2140",-4.3599376797475
"Wave_2141",-9.78875262528285
"Wave_2142",-13.9439373691754
"Wave_2143",-15.2878061831759
"Wave_2144",-18.5797868249845
"Wave_2145",-24.6489643919073
"Wave_2146",-30.1595696302921
"Wave_2147",-32.2542839710936
"Wave_2148",-33.2035275857518
"Wave_2149",-37.8415637143104
"Wave_2150",-42.9970892630671
"Wave_2151",-47.150915354327
"Wave_2152",-49.0316791417703
"Wave_2153",-48.1434919870869
"Wave_2154",-50.9331522218557
"Wave_2155",-53.3918588051946
"Wave_2156",-52.9078628545302
"Wave_2157",-56.6657233493629
"Wave_2158",-59.7220397150865
"Wave_2159",-57.2429381120649
"Wave_2160",-56.1030078517104
"Wave_2161",-55.6289084355827
"Wave_2162",-56.6811839973872
"Wave_2163",-59.3102874661771
"Wave_2164",-56.4599135469815
"Wave_2165",-53.7498807856339
"Wave_2166",-53.243408825191
"Wave_2167",-51.8102756190678
"Wave_2168",-52.614016916462
"Wave_2169",-55.4787346855603
"Wave_2170",-55.7063961585861
"Wave_2171",-55.6403377541181
"Wave_2172",-59.6974205328205
"Wave_2173",-54.5454210907314
"Wave_2174",-51.0635707198426
"Wave_2175",-53.2234224973395
"Wave_2176",-44.8364295866081
"Wave_2177",-38.4489796706275
"Wave_2178",-40.6328681521232
"Wave_2179",-42.5745539426078
"Wave_2180",-43.434747758398
"Wave_2181",-38.6565262511507
"Wave_2182",-30.6414460013103
"Wave_2183",-29.5770264510426
"Wave_2184",-30.0450284357797
"Wave_2185",-23.9139724834976
"Wave_2186",-17.4430392885476
"Wave_2187",-14.9799126711408
"Wave_2188",-12.6862076376777
"Wave_2189",-7.14628563991122
"Wave_2190",-0.92864926776325
"Wave_2191",-5.14603669530362
"Wave_2192",-2.51345248340255
"Wave_2193",6.76627168442785
"Wave_2194",12.4862952088833
"Wave_2195",16.7165795290823
"Wave_2196",20.0951760156664
"Wave_2197",19.6588643899736
"Wave_2198",24.1597913967602
"Wave_2199",33.2077575633697
"Wave_2200",39.501518866615
"Wave_2201",45.3781035496535
"Wave_2202",53.0930069547546
"Wave_2203",61.0577176908151
"Wave_2204",64.3851837848051
"Wave_2205",68.3761065500679
"Wave_2206",72.4315196362345
"Wave_2207",75.6318120054028
"Wave_2208",74.3936166655325
"Wave_2209",74.3418423616602
"Wave_2210",77.874464702553
"Wave_2211",79.5836278042327
"Wave_2212",74.2679185894436
"Wave_2213",75.364478578627
"Wave_2214",84.832351264722
"Wave_2215",92.9089947418165
"Wave_2216",96.7717595271551
"Wave_2217",96.2077655064299
"Wave_2218",95.8201314197955
"Wave_2219",92.8347947759706
"Wave_2220",86.5199082223387
"Wave_2221",85.0416141654426
"Wave_2222",83.702243966755
"Wave_2223",82.8268774624874
"Wave_2224",85.4381841703961
"Wave_2225",82.8776150986274
"Wave_2226",78.1262870512416
"Wave_2227",78.3567386324679
"Wave_2228",81.1708335519533
"Wave_2229",72.7281639739994
"Wave_2230",65.8024057999377
"Wave_2231",64.2718241848641
"Wave_2232",60.57417127206
"Wave_2233",54.3930923714254
"Wave_2234",45.5038211682474
"Wave_2235",38.6055090391822
"Wave_2236",36.4842049776574
"Wave_2237",30.8017314544641
"Wave_2238",23.9116611510728
"Wave_2239",19.5752845767331
"Wave_2240",17.0468934897373
"Wave_2241",16.6617131423425
"Wave_2242",9.56300743289115
"Wave_2243",-0.193849496075434
"Wave_2244",-5.64487896397516
"Wave_2245",-13.720047052567
"Wave_2246",-18.7976722090002
"Wave_2247",-18.9683383096353
"Wave_2248",-27.6280438905823
"Wave_2249",-38.0132906116076
"Wave_2250",-41.2256130727515
"Wave_2251",-47.6916824693971
"Wave_2252",-58.6806503928595
"Wave_2253",-62.9363229170718
"Wave_2254",-63.3702995373306
"Wave_2255",-70.0261495817106
"Wave_2256",-79.5397961547229
"Wave_2257",-85.185236747452
"Wave_2258",-91.4130107276349
"Wave_2259",-96.5029860664299
"Wave_2260",-94.861868962246
"Wave_2261",-99.1878130167437
"Wave_2262",-105.483736332535
"Wave_2263",-104.698856780317
"Wave_2264",-98.325533205935
"Wave_2265",-97.5147179599949
"Wave_2266",-96.9638034496187
"Wave_2267",-94.6692040008617
"Wave_2268",-91.6673375908982
"Wave_2269",-86.8420343153537
"Wave_2270",-78.0643998936026
"Wave_2271",-70.1130788117759
"Wave_2272",-62.6903295860851
"Wave_2273",-48.9936439131171
"Wave_2274",-31.1935510616394
"Wave_2275",-19.3216526555134
"Wave_2276",-9.46019013613767
"Wave_2277",7.97130224162371
"Wave_2278",22.1866392277428
"Wave_2279",31.5353047813067
"Wave_2280",45.2861636187413
"Wave_2281",57.5047253039841
"Wave_2282",63.1624368980366
"Wave_2283",72.1509554183813
"Wave_2284",86.5484993426212
"Wave_2285",99.4477513083482
"Wave_2286",109.907949226656
"Wave_2287",119.469648828499
"Wave_2288",122.824859672404
"Wave_2289",119.699991737076
"Wave_2290",120.157904803383
"Wave_2291",124.230542329518
"Wave_2292",126.944528542049
"Wave_2293",128.881461913247
"Wave_2294",119.597352374924
"Wave_2295",108.452960124994
"Wave_2296",102.716548459502
"Wave_2297",91.4372845551877
"Wave_2298",78.4749682517997
"Wave_2299",72.9560726510177
"Wave_2300",61.1490204146509
"Wave_2301",36.8383404070529
"Wave_2302",12.0909256672475
"Wave_2303",-4.93316240954078
"Wave_2304",-25.1964461803831
"Wave_2305",-54.2715750693924
"Wave_2306",-80.8804121975366
"Wave_2307",-107.774123724387
"Wave_2308",-133.640426141543
"Wave_2309",-152.722396765441
"Wave_2310",-173.182205206024
"Wave_2311",-202.563379227117
"Wave_2312",-213.42587831034
"Wave_2313",-216.61636116392
"Wave_2314",-209.750552955022
"Wave_2315",-195.628827710327
"Wave_2316",-186.868212687047
"Wave_2317",-168.236099986769
"Wave_2318",-142.237806575763
"Wave_2319",-113.074148599074
"Wave_2320",-94.3608528491028
"Wave_2321",-74.5489931734266
"Wave_2322",-55.3752699137478
"Wave_2323",-38.61200462552
"Wave_2324",-25.3198424413554
"Wave_2325",-15.106632583534
"Wave_2326",-1.86691345191624
"Wave_2327",4.81440176860693
"Wave_2328",9.92979411516519
"Wave_2329",21.964785267041
"Wave_2330",29.4604156531458
"Wave_2331",28.715136764612
"Wave_2332",28.8831564658909
"Wave_2333",26.9481665984613
"Wave_2334",29.3137266785811
"Wave_2335",33.7017768830876
"Wave_2336",34.7743179594469
"Wave_2337",34.5116323771825
"Wave_2338",26.2322494552144
"Wave_2339",24.9226565414974
"Wave_2340",33.4377653637649
"Wave_2341",39.2016372362791
"Wave_2342",40.8346499335817
"Wave_2343",32.028508406796
"Wave_2344",7.96939281279972
"Wave_2345",-14.1650771527515
"Wave_2346",-24.6024547156136
"Wave_2347",-32.5278138332398
"Wave_2348",-42.5566264337713
"Wave_2349",-58.4649825682709
"Wave_2350",-67.1882252181454
"Wave_2351",-70.0406145840329
"Wave_2352",-79.0302911409805
"Wave_2353",-89.7655818305212
"Wave_2354",-87.3877299366133
"Wave_2355",-83.3323065404228
"Wave_2356",-77.5291522759203
"Wave_2357",-74.6244226835172
"Wave_2358",-74.5868547361805
"Wave_2359",-64.8365263848975
"Wave_2360",-52.4453053164726
"Wave_2361",-50.1492298781184
"Wave_2362",-37.5053055667671
"Wave_2363",-32.2146935678681
"Wave_2364",-37.1551718010477
"Wave_2365",-33.2431424036123
"Wave_2366",-31.7872439239325
"Wave_2367",-21.3556213189158
"Wave_2368",-2.10605898869707
"Wave_2369",16.2342186056608
"Wave_2370",32.2892639300904
"Wave_2371",28.1457644571014
"Wave_2372",22.3467314319474
"Wave_2373",30.8748901966867
"Wave_2374",35.256505802929
"Wave_2375",41.8269076087041
"Wave_2376",56.219006060678
"Wave_2377",62.0108955922682
"Wave_2378",59.921860958899
"Wave_2379",61.3688249611174
"Wave_2380",53.8871459392612
"Wave_2381",54.003121792025
"Wave_2382",65.5326557355412
"Wave_2383",75.6561031279205
"Wave_2384",85.8131732798053
"Wave_2385",80.0285679572449
"Wave_2386",65.0310381759245
"Wave_2387",68.3833441507026
"Wave_2388",76.8268911818619
"Wave_2389",77.0070613777422
"Wave_2390",79.2533745215979
"Wave_2391",75.2554680865971
"Wave_2392",58.4649450937592
"Wave_2393",55.6574054808835
"Wave_2394",66.4819524982999
"Wave_2395",79.8823731346692
"Wave_2396",94.6566813977712
"Wave_2397",102.531827800316
"Wave_2398",115.94264832953
"Wave_2399",124.571251884717
"Wave_2400",116.830381975799
