"","CELL_PERC_DW.13.comps"
"(Intercept)",22.9003256900436
"Wave_1200",63.118895795517
"Wave_1201",60.7016080037641
"Wave_1202",59.5671003174143
"Wave_1203",57.9330077536586
"Wave_1204",56.4318113217611
"Wave_1205",56.1749897820596
"Wave_1206",54.7386601321668
"Wave_1207",53.2427743158808
"Wave_1208",52.4967182592381
"Wave_1209",50.3300094935337
"Wave_1210",45.5717376754862
"Wave_1211",39.8622736208921
"Wave_1212",37.1189882243006
"Wave_1213",35.9411029984249
"Wave_1214",33.1160075858372
"Wave_1215",29.8673454304111
"Wave_1216",26.5404910000204
"Wave_1217",21.5174737505872
"Wave_1218",16.5580686235744
"Wave_1219",12.1654562353027
"Wave_1220",10.9620560528704
"Wave_1221",10.4922262899802
"Wave_1222",8.48692850301867
"Wave_1223",6.24993359149445
"Wave_1224",6.75936733601662
"Wave_1225",6.34565962145573
"Wave_1226",3.07694578154259
"Wave_1227",0.0543109763075793
"Wave_1228",-1.80850782287501
"Wave_1229",-2.00927251793627
"Wave_1230",-2.5788851570511
"Wave_1231",-4.81354905836194
"Wave_1232",-6.2381968183534
"Wave_1233",-6.55013245823561
"Wave_1234",-6.2657198195473
"Wave_1235",-7.60809776373315
"Wave_1236",-10.2611889374559
"Wave_1237",-10.351190393145
"Wave_1238",-10.749608196639
"Wave_1239",-12.4222014970762
"Wave_1240",-13.1649913418713
"Wave_1241",-13.3501699354275
"Wave_1242",-13.608583860025
"Wave_1243",-13.5174404757832
"Wave_1244",-13.8714015827212
"Wave_1245",-14.3136719851368
"Wave_1246",-12.8386368665642
"Wave_1247",-13.2040258502219
"Wave_1248",-16.2941768393258
"Wave_1249",-14.6154510991551
"Wave_1250",-10.9333019446307
"Wave_1251",-13.0362210292624
"Wave_1252",-16.5579322523417
"Wave_1253",-16.2115912417419
"Wave_1254",-13.7319071428046
"Wave_1255",-12.0310997043235
"Wave_1256",-13.4728138012202
"Wave_1257",-16.5156930721332
"Wave_1258",-18.1162018788285
"Wave_1259",-17.2463076507708
"Wave_1260",-16.7984456190891
"Wave_1261",-17.3264261666538
"Wave_1262",-18.4027912523775
"Wave_1263",-19.0584161641656
"Wave_1264",-19.7637026442069
"Wave_1265",-20.8322320693008
"Wave_1266",-22.0650922847172
"Wave_1267",-23.8680951008966
"Wave_1268",-25.5474025852146
"Wave_1269",-25.0232419461817
"Wave_1270",-23.1753637560586
"Wave_1271",-21.9759335386748
"Wave_1272",-22.2342449798282
"Wave_1273",-23.4975927430412
"Wave_1274",-25.1707208375757
"Wave_1275",-25.9268079826916
"Wave_1276",-24.6522988387197
"Wave_1277",-23.3811918576262
"Wave_1278",-23.2806742851957
"Wave_1279",-24.0325536198234
"Wave_1280",-24.0215784871369
"Wave_1281",-22.6854420911735
"Wave_1282",-21.4696352159921
"Wave_1283",-24.8347339326524
"Wave_1284",-29.4110691746116
"Wave_1285",-26.3459283103423
"Wave_1286",-22.6063185298972
"Wave_1287",-22.1404068777113
"Wave_1288",-24.1068554666753
"Wave_1289",-23.5899652346332
"Wave_1290",-19.923655524253
"Wave_1291",-16.2130966788728
"Wave_1292",-12.653269275131
"Wave_1293",-9.95744442164377
"Wave_1294",-10.6742114526019
"Wave_1295",-11.0954651145903
"Wave_1296",-7.90733161016808
"Wave_1297",-6.06626161894503
"Wave_1298",-7.05239797778572
"Wave_1299",-6.46944476297789
"Wave_1300",-4.15459069651359
"Wave_1301",-2.523346231359
"Wave_1302",-0.718148813658476
"Wave_1303",1.35851969721854
"Wave_1304",1.46123795313149
"Wave_1305",2.27130476829134
"Wave_1306",2.47450694716656
"Wave_1307",2.69014520457809
"Wave_1308",2.869269192084
"Wave_1309",3.80462744609355
"Wave_1310",2.02282326995166
"Wave_1311",2.40245071908109
"Wave_1312",4.90066389265686
"Wave_1313",6.81914101967595
"Wave_1314",6.86228263312309
"Wave_1315",7.64232648251382
"Wave_1316",10.0456513635592
"Wave_1317",12.4472177542916
"Wave_1318",11.9301654009932
"Wave_1319",9.80340795653481
"Wave_1320",10.1790814434985
"Wave_1321",14.7685815547944
"Wave_1322",17.5987565104758
"Wave_1323",15.927587519796
"Wave_1324",16.7492204955321
"Wave_1325",20.0085384642004
"Wave_1326",21.4727728772425
"Wave_1327",20.6317093146553
"Wave_1328",19.7123409324133
"Wave_1329",19.1420867746099
"Wave_1330",20.5573046201623
"Wave_1331",21.5255720266461
"Wave_1332",20.8180405876042
"Wave_1333",19.9774862629788
"Wave_1334",20.0315570166997
"Wave_1335",20.9039404042347
"Wave_1336",20.9309666630691
"Wave_1337",20.0008642013551
"Wave_1338",19.209618665054
"Wave_1339",18.4397976445512
"Wave_1340",17.4169554628114
"Wave_1341",18.1245173018083
"Wave_1342",17.8378177513897
"Wave_1343",14.1906065507431
"Wave_1344",12.0460094533522
"Wave_1345",12.2559662039883
"Wave_1346",10.9987811091259
"Wave_1347",8.62731612681556
"Wave_1348",6.95384928823108
"Wave_1349",5.68632159635603
"Wave_1350",3.9022935539937
"Wave_1351",1.8376163967147
"Wave_1352",-0.265896229225867
"Wave_1353",-3.24519731043721
"Wave_1354",-3.79855811788145
"Wave_1355",-2.54975582210864
"Wave_1356",-3.85039879992829
"Wave_1357",-7.0453090761097
"Wave_1358",-8.22061007786159
"Wave_1359",-8.68812093133651
"Wave_1360",-9.84928174907383
"Wave_1361",-11.0725019572132
"Wave_1362",-12.0472550708543
"Wave_1363",-12.3120434642167
"Wave_1364",-15.1183341361129
"Wave_1365",-16.910950681806
"Wave_1366",-19.6528973716138
"Wave_1367",-19.4384238959558
"Wave_1368",-19.4968244056803
"Wave_1369",-20.197646393406
"Wave_1370",-23.1027848146442
"Wave_1371",-22.4431943943796
"Wave_1372",-23.20263132864
"Wave_1373",-23.422459857467
"Wave_1374",-22.1511277776924
"Wave_1375",-19.2943121423069
"Wave_1376",-17.8459989417916
"Wave_1377",-18.5463263646012
"Wave_1378",-18.1000504985565
"Wave_1379",-16.3386236446383
"Wave_1380",-14.522578803338
"Wave_1381",-15.1377158319715
"Wave_1382",-12.6783249631279
"Wave_1383",-10.824571422789
"Wave_1384",-7.22719778821493
"Wave_1385",-9.49716381003958
"Wave_1386",-7.78699606128898
"Wave_1387",-5.57589023008841
"Wave_1388",-0.503361689863428
"Wave_1389",-2.52595184337596
"Wave_1390",-2.59374417397975
"Wave_1391",1.71898255694235
"Wave_1392",3.23570392760472
"Wave_1393",2.65893056222644
"Wave_1394",1.41832364659962
"Wave_1395",5.14874047797512
"Wave_1396",6.23547898637861
"Wave_1397",7.78724468919764
"Wave_1398",6.19771301106464
"Wave_1399",8.1316624025412
"Wave_1400",8.65776434911634
"Wave_1401",9.24909058341643
"Wave_1402",7.92199604163292
"Wave_1403",8.56626959107789
"Wave_1404",9.42060869095166
"Wave_1405",9.27449900223043
"Wave_1406",7.27632326781962
"Wave_1407",5.47833243922542
"Wave_1408",5.30624019099905
"Wave_1409",2.70961762689112
"Wave_1410",0.339926500269439
"Wave_1411",-1.44807716991276
"Wave_1412",-0.994042757168224
"Wave_1413",-2.89473815885255
"Wave_1414",-5.18102857244638
"Wave_1415",-7.89336037228514
"Wave_1416",-7.09696002902137
"Wave_1417",-8.98813780838391
"Wave_1418",-11.6440041048207
"Wave_1419",-14.6199293372443
"Wave_1420",-13.7508788642701
"Wave_1421",-13.6447187335563
"Wave_1422",-13.9699266942497
"Wave_1423",-15.8118632585131
"Wave_1424",-15.0718379189507
"Wave_1425",-14.7597913000555
"Wave_1426",-14.4172475274444
"Wave_1427",-14.3035250562059
"Wave_1428",-12.3661348848555
"Wave_1429",-10.8577668023573
"Wave_1430",-10.3834414748147
"Wave_1431",-9.90472991309348
"Wave_1432",-7.36887067983131
"Wave_1433",-5.51352038112599
"Wave_1434",-5.04312672498144
"Wave_1435",-4.75763988858354
"Wave_1436",-2.32256913576117
"Wave_1437",0.0641366653788502
"Wave_1438",1.69258903641497
"Wave_1439",2.48081283434195
"Wave_1440",3.75341806584163
"Wave_1441",5.77721157585968
"Wave_1442",7.26802778249445
"Wave_1443",7.89864546999865
"Wave_1444",8.71352844672911
"Wave_1445",10.2706958982213
"Wave_1446",11.779372286291
"Wave_1447",12.4064492859883
"Wave_1448",12.714181046833
"Wave_1449",13.7374626082109
"Wave_1450",14.1839032097115
"Wave_1451",14.7241785573721
"Wave_1452",15.0573744432217
"Wave_1453",14.8558904427223
"Wave_1454",14.4741442410697
"Wave_1455",14.5168471877224
"Wave_1456",14.2524987614854
"Wave_1457",13.4382739156294
"Wave_1458",12.7526640081105
"Wave_1459",12.3960488638678
"Wave_1460",11.4042974893519
"Wave_1461",12.3695609703711
"Wave_1462",12.6945184930859
"Wave_1463",11.4723192406047
"Wave_1464",10.4390171441795
"Wave_1465",11.5882667344336
"Wave_1466",12.1264316575316
"Wave_1467",10.6476467327079
"Wave_1468",8.79819609193931
"Wave_1469",9.52512745750344
"Wave_1470",9.65646890152665
"Wave_1471",8.7606413346295
"Wave_1472",7.13243949159681
"Wave_1473",6.43429839450406
"Wave_1474",6.11599845969744
"Wave_1475",5.61595063188188
"Wave_1476",4.92980325370004
"Wave_1477",5.14321754632869
"Wave_1478",4.74204786902023
"Wave_1479",4.04482366157174
"Wave_1480",3.96591168764516
"Wave_1481",4.23774177072625
"Wave_1482",3.35754767761464
"Wave_1483",2.83253451390814
"Wave_1484",2.68529782753148
"Wave_1485",2.43589442658584
"Wave_1486",2.30430392280756
"Wave_1487",1.84355915010319
"Wave_1488",0.920642459117138
"Wave_1489",0.284434229333374
"Wave_1490",0.222732146942606
"Wave_1491",-0.039726828943198
"Wave_1492",-0.94124778061037
"Wave_1493",-2.17868531000756
"Wave_1494",-3.28859298394022
"Wave_1495",-3.40378339783356
"Wave_1496",-2.5714193080859
"Wave_1497",-3.04345108645333
"Wave_1498",-5.38472447800124
"Wave_1499",-6.47354758274793
"Wave_1500",-5.2983107674857
"Wave_1501",-5.72672135344259
"Wave_1502",-8.87165576129279
"Wave_1503",-11.7994298408216
"Wave_1504",-11.5098630836832
"Wave_1505",-10.6533521664573
"Wave_1506",-11.0324992426813
"Wave_1507",-11.0131793575264
"Wave_1508",-11.0560934798665
"Wave_1509",-11.3468271517501
"Wave_1510",-11.9105287680634
"Wave_1511",-13.6769594209489
"Wave_1512",-14.7057341821126
"Wave_1513",-14.5401220674719
"Wave_1514",-14.5282366946311
"Wave_1515",-14.6143543063807
"Wave_1516",-13.9089504628375
"Wave_1517",-13.4143751784752
"Wave_1518",-13.5727247708303
"Wave_1519",-13.8736227624089
"Wave_1520",-14.712398645477
"Wave_1521",-15.2032864798908
"Wave_1522",-15.2953555220748
"Wave_1523",-13.9506308611513
"Wave_1524",-13.0137876138168
"Wave_1525",-13.0213257944587
"Wave_1526",-12.2728194022404
"Wave_1527",-12.1995481359756
"Wave_1528",-13.111793090528
"Wave_1529",-12.6673181264842
"Wave_1530",-13.2594750875004
"Wave_1531",-13.9582311335573
"Wave_1532",-12.2048956556251
"Wave_1533",-10.8666841007202
"Wave_1534",-12.5239585653044
"Wave_1535",-14.1175692832535
"Wave_1536",-11.4297621307931
"Wave_1537",-8.93682866922811
"Wave_1538",-10.6340144489033
"Wave_1539",-11.9979841220377
"Wave_1540",-11.090514199238
"Wave_1541",-9.62306713461028
"Wave_1542",-9.19277428850509
"Wave_1543",-10.4263457798095
"Wave_1544",-10.5054878526727
"Wave_1545",-9.06491100534604
"Wave_1546",-10.0256516409896
"Wave_1547",-10.9359264005657
"Wave_1548",-9.32305042342252
"Wave_1549",-8.18250696988688
"Wave_1550",-9.39836661566316
"Wave_1551",-10.28512251855
"Wave_1552",-9.6231424292354
"Wave_1553",-8.60579735210357
"Wave_1554",-8.24539460350797
"Wave_1555",-8.11922635487742
"Wave_1556",-8.77473434952367
"Wave_1557",-9.70971376172874
"Wave_1558",-10.0248312527375
"Wave_1559",-9.90204276201512
"Wave_1560",-10.1979774407306
"Wave_1561",-10.6533003740948
"Wave_1562",-9.89560943152574
"Wave_1563",-8.11343746248964
"Wave_1564",-7.33079777726809
"Wave_1565",-8.64533377783186
"Wave_1566",-10.813217966626
"Wave_1567",-10.9179401638112
"Wave_1568",-10.1152890956825
"Wave_1569",-9.91281856685805
"Wave_1570",-8.85525346060152
"Wave_1571",-9.11542099038656
"Wave_1572",-11.4924226577189
"Wave_1573",-12.1904085093473
"Wave_1574",-11.8163323209594
"Wave_1575",-12.5676145374368
"Wave_1576",-12.50923579932
"Wave_1577",-12.2510597180432
"Wave_1578",-13.7399720901632
"Wave_1579",-14.6886146884946
"Wave_1580",-14.8779375956856
"Wave_1581",-15.2687947377325
"Wave_1582",-15.6828954126625
"Wave_1583",-16.5267461866957
"Wave_1584",-16.8788231785487
"Wave_1585",-16.4591206627791
"Wave_1586",-16.1352962679358
"Wave_1587",-16.3347056106761
"Wave_1588",-17.5247846074193
"Wave_1589",-17.5511645255572
"Wave_1590",-15.0137797867404
"Wave_1591",-14.4351833005613
"Wave_1592",-15.3505565710003
"Wave_1593",-14.3524328674522
"Wave_1594",-14.01022830737
"Wave_1595",-14.2761022253754
"Wave_1596",-12.8743787903342
"Wave_1597",-11.8014968607664
"Wave_1598",-12.361676610158
"Wave_1599",-11.9524833288645
"Wave_1600",-9.05342188045813
"Wave_1601",-5.25856455409004
"Wave_1602",-2.77302362147761
"Wave_1603",-2.78494500020178
"Wave_1604",-2.1404825948658
"Wave_1605",0.010708101691125
"Wave_1606",0.333452335617386
"Wave_1607",-0.360364108097161
"Wave_1608",1.03058054357308
"Wave_1609",3.00516077004392
"Wave_1610",3.08089875281886
"Wave_1611",3.82628482458032
"Wave_1612",5.78155931702542
"Wave_1613",7.30056871643774
"Wave_1614",8.74120642464438
"Wave_1615",9.32026519646817
"Wave_1616",10.2584781061645
"Wave_1617",12.274722222477
"Wave_1618",13.0731336367922
"Wave_1619",12.8255768282729
"Wave_1620",13.257176405566
"Wave_1621",14.0383795832444
"Wave_1622",14.3884023453138
"Wave_1623",14.0254999368437
"Wave_1624",13.3469472350233
"Wave_1625",14.9079955978658
"Wave_1626",16.901168715189
"Wave_1627",17.533055676021
"Wave_1628",18.3047942832423
"Wave_1629",19.672558181145
"Wave_1630",20.9557945718522
"Wave_1631",23.0147617681823
"Wave_1632",26.1211565053854
"Wave_1633",30.2192382806209
"Wave_1634",33.5775166868013
"Wave_1635",33.897863273356
"Wave_1636",36.7902219749362
"Wave_1637",40.7653476180132
"Wave_1638",41.3545329666743
"Wave_1639",41.9330372617442
"Wave_1640",44.711194665462
"Wave_1641",46.7740519270337
"Wave_1642",49.0999790824097
"Wave_1643",50.5887153127494
"Wave_1644",48.6132404997657
"Wave_1645",47.0270179148279
"Wave_1646",46.585093302397
"Wave_1647",45.6145104212454
"Wave_1648",44.4811929767811
"Wave_1649",44.6940008935211
"Wave_1650",42.9568992581714
"Wave_1651",39.4057210881267
"Wave_1652",36.7454637843193
"Wave_1653",35.7736448691414
"Wave_1654",32.9075549454424
"Wave_1655",28.766711334208
"Wave_1656",24.5252728933451
"Wave_1657",20.0004046429929
"Wave_1658",14.4164634020752
"Wave_1659",9.91714345205224
"Wave_1660",5.96220293964965
"Wave_1661",1.77924027407115
"Wave_1662",-3.93636661780116
"Wave_1663",-9.66735307378485
"Wave_1664",-13.490494440812
"Wave_1665",-16.5660386010007
"Wave_1666",-21.0003005969979
"Wave_1667",-24.7114191399091
"Wave_1668",-27.1431615676478
"Wave_1669",-29.7979007127199
"Wave_1670",-32.0919410608659
"Wave_1671",-33.4941788105868
"Wave_1672",-34.1101258220828
"Wave_1673",-33.6209162701998
"Wave_1674",-32.6914176466078
"Wave_1675",-32.8359695099402
"Wave_1676",-33.4943145490019
"Wave_1677",-33.8500068084143
"Wave_1678",-31.3477506142935
"Wave_1679",-25.8434468852469
"Wave_1680",-24.1964260922593
"Wave_1681",-23.4813195969074
"Wave_1682",-16.3076174424434
"Wave_1683",-9.54721572699429
"Wave_1684",-6.82530135833678
"Wave_1685",-4.36111087132549
"Wave_1686",0.621544753122177
"Wave_1687",4.93106602732651
"Wave_1688",7.06035248885309
"Wave_1689",10.596658105152
"Wave_1690",14.469300295588
"Wave_1691",18.1364067099925
"Wave_1692",21.7319846514177
"Wave_1693",23.9408006942897
"Wave_1694",26.1880781313643
"Wave_1695",29.9375028283604
"Wave_1696",29.8885571997153
"Wave_1697",27.1911785949814
"Wave_1698",28.5418009321908
"Wave_1699",29.532143057957
"Wave_1700",28.5063950331276
"Wave_1701",28.5315270660468
"Wave_1702",26.4795198426323
"Wave_1703",22.9996231210712
"Wave_1704",22.817356276125
"Wave_1705",23.7200628685347
"Wave_1706",21.6178343809421
"Wave_1707",18.5330835522177
"Wave_1708",15.6405739986983
"Wave_1709",12.2557864962618
"Wave_1710",9.28776884322422
"Wave_1711",6.20063729825121
"Wave_1712",3.93971155575185
"Wave_1713",2.05166271269111
"Wave_1714",-1.38373960902383
"Wave_1715",-3.86323910525471
"Wave_1716",-5.80904733660629
"Wave_1717",-8.9660811235585
"Wave_1718",-11.3150102662564
"Wave_1719",-11.3760221577995
"Wave_1720",-12.8225916628506
"Wave_1721",-16.695182663662
"Wave_1722",-20.1010946990611
"Wave_1723",-23.2874770443674
"Wave_1724",-26.9203379044432
"Wave_1725",-28.9115069105789
"Wave_1726",-29.837002017259
"Wave_1727",-34.0866097109382
"Wave_1728",-38.9650998634781
"Wave_1729",-39.6412102174406
"Wave_1730",-39.5036648518783
"Wave_1731",-41.7436568276919
"Wave_1732",-43.8087466413196
"Wave_1733",-43.1554255834812
"Wave_1734",-41.8923700106612
"Wave_1735",-39.8133561142062
"Wave_1736",-39.01951940462
"Wave_1737",-38.8908270150898
"Wave_1738",-36.7781597463277
"Wave_1739",-29.5350877588155
"Wave_1740",-24.0173591052327
"Wave_1741",-21.6810433180852
"Wave_1742",-18.3510336322921
"Wave_1743",-14.8790944176458
"Wave_1744",-10.9407435112843
"Wave_1745",-5.70881035050658
"Wave_1746",-2.07210018318297
"Wave_1747",1.85215284213966
"Wave_1748",8.16957760319123
"Wave_1749",10.6372850484563
"Wave_1750",12.2352204987082
"Wave_1751",16.470786116959
"Wave_1752",20.570012525579
"Wave_1753",21.3431865926898
"Wave_1754",21.5908957987066
"Wave_1755",25.2572117155261
"Wave_1756",26.9310625680705
"Wave_1757",23.757423886648
"Wave_1758",21.7205940418277
"Wave_1759",20.5819579348973
"Wave_1760",17.0483187177718
"Wave_1761",16.8832744946019
"Wave_1762",18.0487929170188
"Wave_1763",14.5680933985
"Wave_1764",11.9627783962764
"Wave_1765",11.7914941862946
"Wave_1766",8.51971355174441
"Wave_1767",5.56396576068905
"Wave_1768",7.27666745562725
"Wave_1769",9.07818098563226
"Wave_1770",10.1156938405195
"Wave_1771",10.8915853064404
"Wave_1772",11.1822246905513
"Wave_1773",10.4610528444211
"Wave_1774",10.0701020354591
"Wave_1775",9.8703521065246
"Wave_1776",9.82697042329675
"Wave_1777",9.61082655727982
"Wave_1778",8.73186104313709
"Wave_1779",7.89016527836415
"Wave_1780",8.78698174579315
"Wave_1781",7.56755676873721
"Wave_1782",4.82321585422378
"Wave_1783",3.89126253930947
"Wave_1784",3.16127757080909
"Wave_1785",4.84111178693556
"Wave_1786",6.60216230665155
"Wave_1787",5.83711995577516
"Wave_1788",5.3744387883688
"Wave_1789",4.13916038255304
"Wave_1790",1.29624992766448
"Wave_1791",7.27081431998664
"Wave_1792",7.82421343537364
"Wave_1793",5.7228342062303
"Wave_1794",9.24478888493101
"Wave_1795",11.2298087657119
"Wave_1796",7.07709751620192
"Wave_1797",7.4386638430121
"Wave_1798",10.0994901829314
"Wave_1799",8.03844451770249
"Wave_1800",3.60326416378013
"Wave_1801",2.34589400408451
"Wave_1802",4.22430724973771
"Wave_1803",3.63818886817295
"Wave_1804",1.54609282789159
"Wave_1805",-4.73493372967034
"Wave_1806",-8.09730757891096
"Wave_1807",-10.5570190275682
"Wave_1808",-8.17686563109071
"Wave_1809",-6.13713452642989
"Wave_1810",-4.40682417618716
"Wave_1811",-5.82355928825362
"Wave_1812",-7.50997991775291
"Wave_1813",-5.14717040713975
"Wave_1814",-3.85451876915933
"Wave_1815",-5.25848559183893
"Wave_1816",-6.41676366251063
"Wave_1817",-7.1271218472297
"Wave_1818",-7.95125499607659
"Wave_1819",-9.7991819378798
"Wave_1820",-13.2125012395507
"Wave_1821",-12.5885995237902
"Wave_1822",-11.808418769071
"Wave_1823",-12.8398545353643
"Wave_1824",-12.1201572260935
"Wave_1825",-12.3533244607356
"Wave_1826",-15.359701870319
"Wave_1827",-17.3550621958032
"Wave_1828",-16.4090545712125
"Wave_1829",-12.3402491630082
"Wave_1830",-12.5869285400468
"Wave_1831",-14.348357778558
"Wave_1832",-12.7345662204423
"Wave_1833",-9.19821674106028
"Wave_1834",-9.24321748212571
"Wave_1835",-10.9254658117091
"Wave_1836",-11.8336114074385
"Wave_1837",-10.5331563760375
"Wave_1838",-10.0270028456089
"Wave_1839",-8.72199123416543
"Wave_1840",-6.81558372248359
"Wave_1841",-5.50728951013006
"Wave_1842",-3.88613285415474
"Wave_1843",-4.2907614615411
"Wave_1844",-5.3779128716191
"Wave_1845",-5.0999514946549
"Wave_1846",-2.74618795008694
"Wave_1847",1.09173433786406
"Wave_1848",-0.87681910482648
"Wave_1849",-1.71462637132607
"Wave_1850",-1.14314165113207
"Wave_1851",1.22147038456276
"Wave_1852",2.08921266185481
"Wave_1853",2.61225765977699
"Wave_1854",7.54037842675399
"Wave_1855",7.97426491912006
"Wave_1856",7.35284839604333
"Wave_1857",6.21067341920082
"Wave_1858",6.98114871898705
"Wave_1859",9.35427708965629
"Wave_1860",11.4156019690132
"Wave_1861",10.991275889314
"Wave_1862",9.14361591949656
"Wave_1863",9.99756072608963
"Wave_1864",10.7512714800076
"Wave_1865",13.9246885367378
"Wave_1866",10.0667034836748
"Wave_1867",8.08374715441335
"Wave_1868",7.6493119868404
"Wave_1869",9.16245741305244
"Wave_1870",8.49699889355434
"Wave_1871",7.8505391644594
"Wave_1872",10.747104495057
"Wave_1873",9.74365657583148
"Wave_1874",9.97019061870364
"Wave_1875",10.8532235233074
"Wave_1876",8.16890717793385
"Wave_1877",8.71405762014297
"Wave_1878",8.37955703404428
"Wave_1879",10.028341360549
"Wave_1880",6.89240355820277
"Wave_1881",4.93967804113102
"Wave_1882",6.71342906578812
"Wave_1883",4.22886989995499
"Wave_1884",1.17417195962722
"Wave_1885",-3.50367815725166
"Wave_1886",-2.05872750780934
"Wave_1887",-3.0952798218195
"Wave_1888",-3.83703385380742
"Wave_1889",-5.16116628127939
"Wave_1890",-7.43265581616796
"Wave_1891",-8.729313781873
"Wave_1892",-12.8386348008686
"Wave_1893",-11.6779233216495
"Wave_1894",-12.7189180079656
"Wave_1895",-12.4275081069979
"Wave_1896",-13.5310609457241
"Wave_1897",-14.8810939143516
"Wave_1898",-15.1144839674098
"Wave_1899",-16.0666451244591
"Wave_1900",-16.3834576888035
"Wave_1901",-16.3616058476697
"Wave_1902",-14.0998157262972
"Wave_1903",-13.2059509038898
"Wave_1904",-14.645652147378
"Wave_1905",-16.3349951948685
"Wave_1906",-15.7312207386338
"Wave_1907",-14.9301039491691
"Wave_1908",-15.4006461862266
"Wave_1909",-15.6726237027917
"Wave_1910",-15.2782764608074
"Wave_1911",-14.456461428268
"Wave_1912",-12.3847705393638
"Wave_1913",-9.58774851284106
"Wave_1914",-7.57788147040796
"Wave_1915",-6.96955686410758
"Wave_1916",-6.26810647879833
"Wave_1917",-2.93119539172584
"Wave_1918",-0.852188554991758
"Wave_1919",-1.84769869553966
"Wave_1920",-1.94528263128236
"Wave_1921",-0.999178221560695
"Wave_1922",0.132859288752694
"Wave_1923",2.8692443344426
"Wave_1924",4.08965896512804
"Wave_1925",4.49587465483441
"Wave_1926",4.70891085459247
"Wave_1927",4.80197472889661
"Wave_1928",3.15968280188244
"Wave_1929",2.27051384580499
"Wave_1930",2.95388741081682
"Wave_1931",3.77405496124553
"Wave_1932",5.83020443229413
"Wave_1933",6.87437295418612
"Wave_1934",7.63949469771648
"Wave_1935",6.54257251879551
"Wave_1936",6.19051627113473
"Wave_1937",7.34759007872124
"Wave_1938",7.63588998892925
"Wave_1939",7.22687878280144
"Wave_1940",9.17283027417848
"Wave_1941",10.6789392073352
"Wave_1942",9.5639922601395
"Wave_1943",9.26047305623848
"Wave_1944",8.15774132895854
"Wave_1945",5.84208055975804
"Wave_1946",3.52409697434201
"Wave_1947",0.755292944583663
"Wave_1948",3.20725022093777
"Wave_1949",4.87320336365173
"Wave_1950",2.5405848409949
"Wave_1951",-1.82466551483877
"Wave_1952",-2.4748090935751
"Wave_1953",1.48880113145013
"Wave_1954",5.23231048198237
"Wave_1955",2.65072163148262
"Wave_1956",-1.16151617744952
"Wave_1957",-1.94331155327612
"Wave_1958",-3.0076546978686
"Wave_1959",-6.30759681677198
"Wave_1960",-7.62558933514764
"Wave_1961",-4.94056535424403
"Wave_1962",-3.67910385143591
"Wave_1963",-3.6697109349888
"Wave_1964",-3.7811964581922
"Wave_1965",-4.08200657027891
"Wave_1966",-1.9291154079752
"Wave_1967",-1.60567069355446
"Wave_1968",-1.75766243105388
"Wave_1969",-1.0338398537375
"Wave_1970",-3.47370613648662
"Wave_1971",-6.17443256232686
"Wave_1972",-6.21323171904055
"Wave_1973",-5.07821369597823
"Wave_1974",-5.49810103837224
"Wave_1975",-5.77039421361652
"Wave_1976",-3.87620792387163
"Wave_1977",-2.14103485303944
"Wave_1978",-1.45141412172309
"Wave_1979",-3.76085764208225
"Wave_1980",-6.37141690939667
"Wave_1981",-6.64672976881808
"Wave_1982",-5.95253507955379
"Wave_1983",-6.80785308616224
"Wave_1984",-8.28166588666271
"Wave_1985",-6.38927402823083
"Wave_1986",-4.47879219005035
"Wave_1987",-3.89868914917528
"Wave_1988",-2.7750662519136
"Wave_1989",-2.36983117032338
"Wave_1990",-2.86347536875919
"Wave_1991",-1.07205819953172
"Wave_1992",1.70395605253549
"Wave_1993",2.78647922752422
"Wave_1994",1.58977491175179
"Wave_1995",2.69528981216294
"Wave_1996",2.68956616003104
"Wave_1997",1.53866949499253
"Wave_1998",3.83020000634214
"Wave_1999",5.68309871323006
"Wave_2000",2.09774038413765
"Wave_2001",-0.472112754434538
"Wave_2002",-1.1070840097525
"Wave_2003",-1.87747499949302
"Wave_2004",-1.8560283873066
"Wave_2005",0.577693734563581
"Wave_2006",3.05109686619451
"Wave_2007",2.44927786041774
"Wave_2008",2.09658907308994
"Wave_2009",4.85204035092893
"Wave_2010",6.72176619703932
"Wave_2011",6.40973477061338
"Wave_2012",5.52711458212929
"Wave_2013",4.46506604147984
"Wave_2014",5.31970464587863
"Wave_2015",6.64504184649007
"Wave_2016",5.6962329925915
"Wave_2017",4.74078173019885
"Wave_2018",7.52048840088473
"Wave_2019",10.6972421697507
"Wave_2020",11.5670288735856
"Wave_2021",11.0445317211929
"Wave_2022",13.603302507334
"Wave_2023",16.0035646868299
"Wave_2024",13.7451091940518
"Wave_2025",11.6667347167812
"Wave_2026",11.8145255503931
"Wave_2027",12.9036854942758
"Wave_2028",14.9714751674665
"Wave_2029",16.7860354159975
"Wave_2030",16.8021372013194
"Wave_2031",13.9028857825555
"Wave_2032",12.3476191217627
"Wave_2033",10.615224488146
"Wave_2034",8.47343146524171
"Wave_2035",6.18510082274267
"Wave_2036",5.6396028868354
"Wave_2037",6.66502824378645
"Wave_2038",7.9125269015635
"Wave_2039",9.57604117561095
"Wave_2040",7.84318195282927
"Wave_2041",5.26102569754314
"Wave_2042",5.68026644794942
"Wave_2043",6.06634776292763
"Wave_2044",4.02067943401374
"Wave_2045",1.15606961492433
"Wave_2046",-0.803077523807686
"Wave_2047",-1.02168526088126
"Wave_2048",-1.4224197962115
"Wave_2049",-3.2418073035266
"Wave_2050",-4.44856739484146
"Wave_2051",-4.38399094912236
"Wave_2052",-5.7678851516494
"Wave_2053",-7.23463993928272
"Wave_2054",-7.4254255901545
"Wave_2055",-7.74136907204792
"Wave_2056",-8.58778413157797
"Wave_2057",-10.1493517639883
"Wave_2058",-11.1574255228063
"Wave_2059",-12.9176752715137
"Wave_2060",-13.4547368109823
"Wave_2061",-12.5445560922617
"Wave_2062",-12.6730521433569
"Wave_2063",-11.6816860509892
"Wave_2064",-8.65659662122402
"Wave_2065",-5.50124186528666
"Wave_2066",-5.46980320680597
"Wave_2067",-6.04830094338646
"Wave_2068",-5.86630616454288
"Wave_2069",-6.88589285646795
"Wave_2070",-4.7548725123855
"Wave_2071",-4.00276619933498
"Wave_2072",-4.76135234728372
"Wave_2073",-4.1401880169148
"Wave_2074",-2.51736706818855
"Wave_2075",-1.89743137661172
"Wave_2076",-2.8389221868653
"Wave_2077",-4.36453747283846
"Wave_2078",-4.63318669161931
"Wave_2079",-3.40289943874324
"Wave_2080",-1.34410022806608
"Wave_2081",-0.310789534725289
"Wave_2082",-0.900344280152972
"Wave_2083",0.266105258325873
"Wave_2084",2.13021996353613
"Wave_2085",5.86318157113844
"Wave_2086",6.2267211873347
"Wave_2087",5.72565310061001
"Wave_2088",6.63542431961554
"Wave_2089",4.66615743895527
"Wave_2090",2.54846348744268
"Wave_2091",2.77910023558259
"Wave_2092",4.09905506710847
"Wave_2093",5.96209386275423
"Wave_2094",8.92349211888912
"Wave_2095",10.8843546134175
"Wave_2096",7.81711209078592
"Wave_2097",4.08640635764805
"Wave_2098",7.30269333832525
"Wave_2099",8.91451959068072
"Wave_2100",7.12464185587701
"Wave_2101",5.82451921508132
"Wave_2102",8.25218472774299
"Wave_2103",10.6266164165312
"Wave_2104",10.6753697703428
"Wave_2105",9.78880098296896
"Wave_2106",9.16270952039465
"Wave_2107",9.89720342231872
"Wave_2108",10.4722713290345
"Wave_2109",10.0308043246708
"Wave_2110",10.494681725104
"Wave_2111",15.1012256870761
"Wave_2112",18.8854408141105
"Wave_2113",16.8708355725518
"Wave_2114",15.5522645348992
"Wave_2115",16.3972550381458
"Wave_2116",16.8467646920568
"Wave_2117",16.455110729466
"Wave_2118",17.2023634922936
"Wave_2119",21.470703669803
"Wave_2120",23.3297335211321
"Wave_2121",22.1701971020393
"Wave_2122",23.0423335936932
"Wave_2123",23.0846666263422
"Wave_2124",21.9188274978945
"Wave_2125",21.6504510699605
"Wave_2126",21.7297981050859
"Wave_2127",21.6102452923501
"Wave_2128",20.81339642869
"Wave_2129",19.6410412762505
"Wave_2130",24.7834045726262
"Wave_2131",28.4883618520789
"Wave_2132",22.0487744175247
"Wave_2133",17.2440236490586
"Wave_2134",20.5707358138642
"Wave_2135",21.8622753239157
"Wave_2136",20.5762425095567
"Wave_2137",19.0147373532569
"Wave_2138",14.9026374511382
"Wave_2139",12.1828279035657
"Wave_2140",12.5735784858799
"Wave_2141",13.0807456614976
"Wave_2142",12.0434128515482
"Wave_2143",11.227099578103
"Wave_2144",9.09564092168363
"Wave_2145",6.51188036415912
"Wave_2146",5.77971505752307
"Wave_2147",7.83998833865893
"Wave_2148",8.56239454118703
"Wave_2149",6.64716801791382
"Wave_2150",4.21359374575121
"Wave_2151",1.33674524801411
"Wave_2152",2.74764411138034
"Wave_2153",4.64268701756827
"Wave_2154",1.45794226397804
"Wave_2155",-1.04142250438988
"Wave_2156",-1.35169018990746
"Wave_2157",-5.07490696172783
"Wave_2158",-6.99701099586546
"Wave_2159",-6.82192502315564
"Wave_2160",-9.31966532559538
"Wave_2161",-11.1241752431012
"Wave_2162",-9.83255771838583
"Wave_2163",-7.94025092481566
"Wave_2164",-10.6250939463157
"Wave_2165",-15.1626416455059
"Wave_2166",-15.6207652060192
"Wave_2167",-16.2163683134677
"Wave_2168",-17.1964117073423
"Wave_2169",-17.2467606604452
"Wave_2170",-14.1602485501412
"Wave_2171",-12.8296246615739
"Wave_2172",-16.3037574628281
"Wave_2173",-19.2453404994219
"Wave_2174",-18.8289269181433
"Wave_2175",-17.2010181568251
"Wave_2176",-17.0582782312531
"Wave_2177",-18.9999060676154
"Wave_2178",-19.8221567708127
"Wave_2179",-17.9871913104952
"Wave_2180",-18.9926120075041
"Wave_2181",-20.9898608130472
"Wave_2182",-19.1972374399552
"Wave_2183",-14.4958604145883
"Wave_2184",-11.5845916489923
"Wave_2185",-12.4285263570177
"Wave_2186",-15.0152959234087
"Wave_2187",-15.884358144014
"Wave_2188",-14.5759174982081
"Wave_2189",-10.9553885548982
"Wave_2190",-6.06745838547561
"Wave_2191",-9.08866776439135
"Wave_2192",-13.4379598704968
"Wave_2193",-9.90340634979085
"Wave_2194",-6.10043418087978
"Wave_2195",-6.94205299022803
"Wave_2196",-6.58320295017337
"Wave_2197",-4.66340349743609
"Wave_2198",-1.21029397230628
"Wave_2199",2.55297596274885
"Wave_2200",2.58421369490372
"Wave_2201",3.23515350197604
"Wave_2202",7.10948343441802
"Wave_2203",10.1961978053219
"Wave_2204",9.34456006743946
"Wave_2205",8.13499468181268
"Wave_2206",10.8776008312598
"Wave_2207",11.6857095635064
"Wave_2208",8.12998071982539
"Wave_2209",8.83144120168914
"Wave_2210",8.98399234048799
"Wave_2211",6.51951356658769
"Wave_2212",5.47450318069814
"Wave_2213",9.2012307579575
"Wave_2214",11.9330949289316
"Wave_2215",12.6935595507252
"Wave_2216",15.52201434882
"Wave_2217",17.2593389128327
"Wave_2218",12.9476311980098
"Wave_2219",9.09047384853306
"Wave_2220",10.4583498062323
"Wave_2221",13.687171109994
"Wave_2222",12.7970002369495
"Wave_2223",8.95786116147987
"Wave_2224",10.4309499744294
"Wave_2225",14.0212082299881
"Wave_2226",12.7383727253818
"Wave_2227",7.47679914897132
"Wave_2228",2.92894854779356
"Wave_2229",3.13255113353283
"Wave_2230",7.35373579055079
"Wave_2231",4.23255478814613
"Wave_2232",-1.15996338421282
"Wave_2233",-0.484975139841225
"Wave_2234",-1.57879777023117
"Wave_2235",-7.07147643624108
"Wave_2236",-9.02843400746018
"Wave_2237",-3.76835121587259
"Wave_2238",-2.00181169271477
"Wave_2239",-5.97378458034547
"Wave_2240",-10.8786955148634
"Wave_2241",-12.2643890918119
"Wave_2242",-11.7325278028086
"Wave_2243",-11.5543311948949
"Wave_2244",-12.8392659304863
"Wave_2245",-16.0188669479794
"Wave_2246",-17.9001414555132
"Wave_2247",-12.7615901115864
"Wave_2248",-10.7010277848999
"Wave_2249",-14.0873382207845
"Wave_2250",-13.0103303556217
"Wave_2251",-12.0145774943088
"Wave_2252",-16.3468381115351
"Wave_2253",-18.1613114009878
"Wave_2254",-19.2047911958943
"Wave_2255",-21.8654800515205
"Wave_2256",-22.6976274809044
"Wave_2257",-19.387909610056
"Wave_2258",-17.9164664104132
"Wave_2259",-18.7007993967731
"Wave_2260",-19.2476013277826
"Wave_2261",-19.9866711091621
"Wave_2262",-19.3645729702352
"Wave_2263",-19.0227229408701
"Wave_2264",-16.5854304864675
"Wave_2265",-15.0981776217213
"Wave_2266",-11.6988505852552
"Wave_2267",-9.13897829110992
"Wave_2268",-10.0059539188424
"Wave_2269",-10.4147445710617
"Wave_2270",-6.61547726742034
"Wave_2271",-3.85720433081437
"Wave_2272",-7.31906389008284
"Wave_2273",-9.18506436858765
"Wave_2274",-4.75637832218361
"Wave_2275",0.112586125637508
"Wave_2276",3.25589860968871
"Wave_2277",7.11308000686335
"Wave_2278",12.0491059175095
"Wave_2279",17.4593159999038
"Wave_2280",21.6409531199725
"Wave_2281",20.8120200373693
"Wave_2282",18.2033248479999
"Wave_2283",22.8413759400947
"Wave_2284",29.1671774911504
"Wave_2285",29.3818520879693
"Wave_2286",29.9436219782117
"Wave_2287",36.9501944321515
"Wave_2288",41.6472971727637
"Wave_2289",38.3461775388194
"Wave_2290",35.8341467522629
"Wave_2291",38.9826077647285
"Wave_2292",41.1578672984053
"Wave_2293",38.7320386546873
"Wave_2294",32.1400441659357
"Wave_2295",30.4702843885153
"Wave_2296",33.208127682455
"Wave_2297",29.473097423923
"Wave_2298",27.6228504685168
"Wave_2299",30.7379925813465
"Wave_2300",26.5651407753511
"Wave_2301",20.8319581174331
"Wave_2302",17.6375996685528
"Wave_2303",10.517991546939
"Wave_2304",4.11545260718281
"Wave_2305",1.15814404211011
"Wave_2306",-6.48426077301304
"Wave_2307",-18.0905943112005
"Wave_2308",-23.6443325881446
"Wave_2309",-26.8335744236293
"Wave_2310",-34.6957887298446
"Wave_2311",-45.6775411457811
"Wave_2312",-52.3836948758894
"Wave_2313",-58.6334309848721
"Wave_2314",-59.812948911471
"Wave_2315",-57.8906416210728
"Wave_2316",-56.03203936431
"Wave_2317",-48.4846353765012
"Wave_2318",-40.3811698737576
"Wave_2319",-34.2784086841712
"Wave_2320",-32.4084432357292
"Wave_2321",-25.5746025570869
"Wave_2322",-15.1828025142771
"Wave_2323",-7.65365999548449
"Wave_2324",-8.02793810444956
"Wave_2325",-11.590747815457
"Wave_2326",-9.44409869360515
"Wave_2327",-5.47767507927126
"Wave_2328",-2.97872123785088
"Wave_2329",0.755832792468189
"Wave_2330",0.157150809112564
"Wave_2331",-0.814924029784726
"Wave_2332",2.97069388168211
"Wave_2333",4.76334234746293
"Wave_2334",0.704576147869515
"Wave_2335",-2.92263581940934
"Wave_2336",3.55250575313583
"Wave_2337",12.8789494205006
"Wave_2338",6.99854844678738
"Wave_2339",-1.97576350078691
"Wave_2340",2.46265084627309
"Wave_2341",6.63779757831027
"Wave_2342",3.1078662876444
"Wave_2343",-1.21517311167789
"Wave_2344",-3.87798303528851
"Wave_2345",-6.20212275581092
"Wave_2346",-12.3250470362916
"Wave_2347",-21.294502857944
"Wave_2348",-20.9774006400349
"Wave_2349",-14.733526382858
"Wave_2350",-20.9871005636308
"Wave_2351",-29.7180490857388
"Wave_2352",-24.8403570193723
"Wave_2353",-22.8671230261843
"Wave_2354",-33.4925307067162
"Wave_2355",-33.0497647055015
"Wave_2356",-25.9108242702763
"Wave_2357",-23.4505082990689
"Wave_2358",-22.2471500004405
"Wave_2359",-27.1842871427289
"Wave_2360",-25.775330020754
"Wave_2361",-18.8663138385651
"Wave_2362",-18.9577666028335
"Wave_2363",-19.5395783992584
"Wave_2364",-17.2776922395619
"Wave_2365",-10.7151019342879
"Wave_2366",-3.02608845769643
"Wave_2367",-0.126979641415141
"Wave_2368",0.126404975772791
"Wave_2369",-0.291293311193078
"Wave_2370",-1.6464233326705
"Wave_2371",-7.10860822025281
"Wave_2372",-7.66343031119873
"Wave_2373",0.497017174222406
"Wave_2374",5.09193404239345
"Wave_2375",8.15181707929085
"Wave_2376",16.0911343038432
"Wave_2377",20.8068831137462
"Wave_2378",8.55208288556077
"Wave_2379",-1.44359421383352
"Wave_2380",8.24160298106816
"Wave_2381",19.6151420119795
"Wave_2382",18.6602088260307
"Wave_2383",16.1227134066971
"Wave_2384",20.1442060581631
"Wave_2385",23.3637513562827
"Wave_2386",21.988874067049
"Wave_2387",14.548506098883
"Wave_2388",5.34499197931939
"Wave_2389",12.1957134141106
"Wave_2390",26.0168804838888
"Wave_2391",29.5006990413005
"Wave_2392",29.3234549766127
"Wave_2393",26.4181337407097
"Wave_2394",21.2121490604111
"Wave_2395",29.1019864158474
"Wave_2396",41.6803387631665
"Wave_2397",43.2312451154442
"Wave_2398",46.1674804411238
"Wave_2399",45.7467930028796
"Wave_2400",33.3592661321715
