"","LMA_g_DW_m2.7.comps"
"(Intercept)",48.4354577856958
"Wave_500",0.198400273006276
"Wave_501",0.170483345794287
"Wave_502",-0.0909155039006353
"Wave_503",-0.232518838814304
"Wave_504",-0.179968223821918
"Wave_505",-0.124351604814097
"Wave_506",-0.298566015047259
"Wave_507",-0.708709263487037
"Wave_508",-1.03730511035209
"Wave_509",-1.11231591467179
"Wave_510",-1.33080772692238
"Wave_511",-1.7446254734595
"Wave_512",-2.20482197437113
"Wave_513",-2.64966046184775
"Wave_514",-3.00089609863188
"Wave_515",-3.38723296749615
"Wave_516",-3.95234601136456
"Wave_517",-4.57586979723629
"Wave_518",-5.23013064494478
"Wave_519",-5.8426904323619
"Wave_520",-6.45193612821337
"Wave_521",-7.06510439911667
"Wave_522",-7.62705675978014
"Wave_523",-8.04308630236833
"Wave_524",-8.44331813935382
"Wave_525",-8.84620157945868
"Wave_526",-9.16239290271339
"Wave_527",-9.46250728963745
"Wave_528",-9.66116345985841
"Wave_529",-9.67351607517514
"Wave_530",-9.76838474225202
"Wave_531",-9.83781539477003
"Wave_532",-9.75729422723815
"Wave_533",-9.60547855583987
"Wave_534",-9.41549959179644
"Wave_535",-9.19517677229093
"Wave_536",-8.97203362941974
"Wave_537",-8.74828212256117
"Wave_538",-8.56704072900568
"Wave_539",-8.38821582938656
"Wave_540",-8.0995444942298
"Wave_541",-7.84946818735262
"Wave_542",-7.62733635905775
"Wave_543",-7.44856293104151
"Wave_544",-7.26512470465514
"Wave_545",-7.06942790198795
"Wave_546",-6.98234670202635
"Wave_547",-6.87267642205945
"Wave_548",-6.73512379719362
"Wave_549",-6.60084551873437
"Wave_550",-6.51594853664547
"Wave_551",-6.48944477900585
"Wave_552",-6.43197157074617
"Wave_553",-6.38638808479088
"Wave_554",-6.29376881361183
"Wave_555",-6.1616187893072
"Wave_556",-6.03760451672287
"Wave_557",-5.91359985102593
"Wave_558",-5.75500730096283
"Wave_559",-5.5425655906195
"Wave_560",-5.32486707611138
"Wave_561",-5.02485791177182
"Wave_562",-4.63766365356941
"Wave_563",-4.30267862485617
"Wave_564",-3.96819946143767
"Wave_565",-3.6077148187075
"Wave_566",-3.21686883750249
"Wave_567",-2.79746082672852
"Wave_568",-2.36817168699952
"Wave_569",-1.96559984851997
"Wave_570",-1.61324232965137
"Wave_571",-1.27221958540016
"Wave_572",-0.908824015485359
"Wave_573",-0.566234243250596
"Wave_574",-0.256543799569944
"Wave_575",0.0135704368420887
"Wave_576",0.28833796875696
"Wave_577",0.478014872356326
"Wave_578",0.635532153474248
"Wave_579",0.864345790278439
"Wave_580",1.07953420954854
"Wave_581",1.27051514894253
"Wave_582",1.45076626584115
"Wave_583",1.63526140947347
"Wave_584",1.77290460488708
"Wave_585",1.87521770789282
"Wave_586",2.03433259771061
"Wave_587",2.17955391301626
"Wave_588",2.31404402889768
"Wave_589",2.44512227799765
"Wave_590",2.55577425600751
"Wave_591",2.64283634281069
"Wave_592",2.70012052407654
"Wave_593",2.73414870389244
"Wave_594",2.78876875968979
"Wave_595",2.85613447457331
"Wave_596",2.94500123202488
"Wave_597",2.99955888618082
"Wave_598",2.98534339021945
"Wave_599",2.95174787864217
"Wave_600",2.89957921536346
"Wave_601",2.88837287320758
"Wave_602",2.93952670834493
"Wave_603",2.97633022536415
"Wave_604",2.96941811753399
"Wave_605",2.95314102962051
"Wave_606",3.01316298986116
"Wave_607",3.04992020559864
"Wave_608",3.03706396413841
"Wave_609",3.05765095463369
"Wave_610",3.12214286553369
"Wave_611",3.1762446987716
"Wave_612",3.2514810324001
"Wave_613",3.24854305928593
"Wave_614",3.2235829973334
"Wave_615",3.22597716901335
"Wave_616",3.19221057252255
"Wave_617",3.11713331382895
"Wave_618",3.03463322843816
"Wave_619",2.97724716432914
"Wave_620",2.92137791300253
"Wave_621",2.83559746509061
"Wave_622",2.73357838157128
"Wave_623",2.66903055363994
"Wave_624",2.61864899774899
"Wave_625",2.57242600466586
"Wave_626",2.56938697363422
"Wave_627",2.54544798358169
"Wave_628",2.51932484377836
"Wave_629",2.5690152300445
"Wave_630",2.58566157146967
"Wave_631",2.56554010054471
"Wave_632",2.59993092291091
"Wave_633",2.66323390271147
"Wave_634",2.69821022397414
"Wave_635",2.74606125510869
"Wave_636",2.86125185614204
"Wave_637",2.97041909661092
"Wave_638",3.03368069630037
"Wave_639",3.14542881207805
"Wave_640",3.25555826015843
"Wave_641",3.3766707839418
"Wave_642",3.49614468631682
"Wave_643",3.58274214957982
"Wave_644",3.61901149687646
"Wave_645",3.61995814790285
"Wave_646",3.61305957476133
"Wave_647",3.58001028072678
"Wave_648",3.58427758539417
"Wave_649",3.54831193942402
"Wave_650",3.46788910510063
"Wave_651",3.37432409086207
"Wave_652",3.26742642397663
"Wave_653",3.15391710959385
"Wave_654",2.94640414690744
"Wave_655",2.73270003530754
"Wave_656",2.53848734333888
"Wave_657",2.31640197176672
"Wave_658",2.10970445158947
"Wave_659",1.88405489597941
"Wave_660",1.65593556581987
"Wave_661",1.4556100332492
"Wave_662",1.28124984256848
"Wave_663",1.1284305683187
"Wave_664",1.02417200161669
"Wave_665",0.943517438611884
"Wave_666",0.836321125489138
"Wave_667",0.753783098203946
"Wave_668",0.695079349636196
"Wave_669",0.652072670635963
"Wave_670",0.654424186328685
"Wave_671",0.664701961513057
"Wave_672",0.665827340190985
"Wave_673",0.704020979245397
"Wave_674",0.727320300272
"Wave_675",0.76034545640476
"Wave_676",0.831469143447385
"Wave_677",0.896437758792332
"Wave_678",1.00547648701228
"Wave_679",1.13447820138495
"Wave_680",1.25567908529771
"Wave_681",1.44091061701394
"Wave_682",1.67638036723854
"Wave_683",1.9510571800722
"Wave_684",2.29835813366761
"Wave_685",2.67787265983144
"Wave_686",3.10079823296746
"Wave_687",3.60161415035738
"Wave_688",4.11311285869516
"Wave_689",4.63707499912539
"Wave_690",5.18814631606072
"Wave_691",5.78658917107903
"Wave_692",6.353304843427
"Wave_693",6.84264999929309
"Wave_694",7.36852861621764
"Wave_695",7.79881777577716
"Wave_696",8.10213268740003
"Wave_697",8.41049722520692
"Wave_698",8.61724105241453
"Wave_699",8.69207831171629
"Wave_700",8.75148932287485
"Wave_701",8.70541586586789
"Wave_702",8.52082717454554
"Wave_703",8.27198453444074
"Wave_704",8.01385804836658
"Wave_705",7.69700055909185
"Wave_706",7.34851149491788
"Wave_707",6.98974647604768
"Wave_708",6.65369548057895
"Wave_709",6.34289025585657
"Wave_710",6.02891166518796
"Wave_711",5.74605214425725
"Wave_712",5.49059611952026
"Wave_713",5.2635319048387
"Wave_714",5.05281794518611
"Wave_715",4.86357602644321
"Wave_716",4.69205983540802
"Wave_717",4.50113952962056
"Wave_718",4.277631363254
"Wave_719",4.0321170753362
"Wave_720",3.76426268304705
"Wave_721",3.44447289588989
"Wave_722",3.09060647430735
"Wave_723",2.70411167753569
"Wave_724",2.24075476391016
"Wave_725",1.75441893344237
"Wave_726",1.25236860428647
"Wave_727",0.632880394874
"Wave_728",-0.0110713005566649
"Wave_729",-0.654324523055074
"Wave_730",-1.34211525849035
"Wave_731",-2.05258837798143
"Wave_732",-2.76871563045909
"Wave_733",-3.51660395023755
"Wave_734",-4.27174763590479
"Wave_735",-5.00407142004668
"Wave_736",-5.71312373709305
"Wave_737",-6.44132145085388
"Wave_738",-7.11266052117363
"Wave_739",-7.73719699228447
"Wave_740",-8.40085876597007
"Wave_741",-8.99479201138291
"Wave_742",-9.53930693623122
"Wave_743",-10.0843706192516
"Wave_744",-10.5791321293652
"Wave_745",-11.0309674811963
"Wave_746",-11.4643785674549
"Wave_747",-11.8412262989255
"Wave_748",-12.170769621644
"Wave_749",-12.4580128530327
"Wave_750",-12.6994738595104
"Wave_751",-12.898131122231
"Wave_752",-13.0826885234231
"Wave_753",-13.2686354307754
"Wave_754",-13.4250897921542
"Wave_755",-13.5361752752821
"Wave_756",-13.5845643357517
"Wave_757",-13.6268781060932
"Wave_758",-13.6520288427676
"Wave_759",-13.6363430103807
"Wave_760",-13.620815035847
"Wave_761",-13.5786250588443
"Wave_762",-13.5143868588727
"Wave_763",-13.4634478633497
"Wave_764",-13.4136542003755
"Wave_765",-13.3428076433383
"Wave_766",-13.2480715002523
"Wave_767",-13.1473589784628
"Wave_768",-13.055678314264
"Wave_769",-12.9662498624497
"Wave_770",-12.8152393402757
"Wave_771",-12.6699532002456
"Wave_772",-12.5214935344382
"Wave_773",-12.3716340571424
"Wave_774",-12.2542896368707
"Wave_775",-12.1134693627908
"Wave_776",-11.9312737239273
"Wave_777",-11.7807446951784
"Wave_778",-11.643406255574
"Wave_779",-11.500395420229
"Wave_780",-11.369938030352
"Wave_781",-11.2409211140174
"Wave_782",-11.1055252731443
"Wave_783",-10.9481328985058
"Wave_784",-10.7847211864996
"Wave_785",-10.6523050073869
"Wave_786",-10.544545710638
"Wave_787",-10.4007948684959
"Wave_788",-10.231685507878
"Wave_789",-10.0657506609747
"Wave_790",-9.95069112305924
"Wave_791",-9.8291581195378
"Wave_792",-9.67513833177985
"Wave_793",-9.48491509177957
"Wave_794",-9.35523687723224
"Wave_795",-9.25228706979229
"Wave_796",-9.10092405336048
"Wave_797",-8.96964714890757
"Wave_798",-8.84882617760146
"Wave_799",-8.71768112141929
"Wave_800",-8.59637916871113
"Wave_801",-8.45163298440035
"Wave_802",-8.28945077201791
"Wave_803",-8.16259830900835
"Wave_804",-8.03024804613055
"Wave_805",-7.91443184412216
"Wave_806",-7.82917730073613
"Wave_807",-7.69301134255491
"Wave_808",-7.53602165341095
"Wave_809",-7.38737100482813
"Wave_810",-7.30924794189599
"Wave_811",-7.19247043508091
"Wave_812",-7.06662747807048
"Wave_813",-6.96322945498508
"Wave_814",-6.8876748905483
"Wave_815",-6.75141177942672
"Wave_816",-6.56757424073308
"Wave_817",-6.45878242569374
"Wave_818",-6.38261650457261
"Wave_819",-6.28972272994167
"Wave_820",-6.15154173793271
"Wave_821",-5.99815859002974
"Wave_822",-5.8464457902836
"Wave_823",-5.73981030857891
"Wave_824",-5.67890826609312
"Wave_825",-5.60137426929338
"Wave_826",-5.48800360455077
"Wave_827",-5.37994481499188
"Wave_828",-5.28691719966048
"Wave_829",-5.17710857728226
"Wave_830",-5.04249941458339
"Wave_831",-4.94577685839329
"Wave_832",-4.85678880214594
"Wave_833",-4.76855856315923
"Wave_834",-4.66660101911476
"Wave_835",-4.54960002116094
"Wave_836",-4.43197223494842
"Wave_837",-4.30330983802307
"Wave_838",-4.19042189282013
"Wave_839",-4.1035871247071
"Wave_840",-4.05916051897273
"Wave_841",-3.96141298357884
"Wave_842",-3.83972982685652
"Wave_843",-3.72748845733601
"Wave_844",-3.63607332690025
"Wave_845",-3.54071357786869
"Wave_846",-3.44603399636781
"Wave_847",-3.35308508918017
"Wave_848",-3.24455949842516
"Wave_849",-3.1416978863938
"Wave_850",-3.05454894245867
"Wave_851",-2.93997557266343
"Wave_852",-2.82651685790224
"Wave_853",-2.73376600754964
"Wave_854",-2.69591160670593
"Wave_855",-2.62609271438374
"Wave_856",-2.53112822265699
"Wave_857",-2.43053461621128
"Wave_858",-2.30164769036576
"Wave_859",-2.18269401398577
"Wave_860",-2.08781552739583
"Wave_861",-1.99815282435942
"Wave_862",-1.9436338227708
"Wave_863",-1.8984698545324
"Wave_864",-1.81549539884966
"Wave_865",-1.72604693240883
"Wave_866",-1.63281035185372
"Wave_867",-1.52068660368669
"Wave_868",-1.43842860952024
"Wave_869",-1.36872511427019
"Wave_870",-1.30461810926658
"Wave_871",-1.23296911524739
"Wave_872",-1.16068927349505
"Wave_873",-1.09420596674124
"Wave_874",-1.02585646301661
"Wave_875",-0.921048213915065
"Wave_876",-0.796640002874594
"Wave_877",-0.692767781773878
"Wave_878",-0.645627834934247
"Wave_879",-0.569570061337605
"Wave_880",-0.468362336010597
"Wave_881",-0.411101848177606
"Wave_882",-0.327609547019374
"Wave_883",-0.260152175287325
"Wave_884",-0.23332728575098
"Wave_885",-0.141017639987594
"Wave_886",-0.0400123615162986
"Wave_887",0.0299464790659283
"Wave_888",0.0226722934278851
"Wave_889",0.039450265304114
"Wave_890",0.126215076369663
"Wave_891",0.254352960806754
"Wave_892",0.27286555224658
"Wave_893",0.276523032021416
"Wave_894",0.321418847889537
"Wave_895",0.332401946543091
"Wave_896",0.39463167227687
"Wave_897",0.489615751365855
"Wave_898",0.571392599804928
"Wave_899",0.646129976656495
"Wave_900",0.699382997899362
"Wave_901",0.725277484953586
"Wave_902",0.78332871076902
"Wave_903",0.835603227021385
"Wave_904",0.880144040717903
"Wave_905",0.881540358491933
"Wave_906",0.909939788255432
"Wave_907",0.970325295117267
"Wave_908",1.03938393866915
"Wave_909",1.10882133553409
"Wave_910",1.13971106589726
"Wave_911",1.15853418314903
"Wave_912",1.21838639954552
"Wave_913",1.27764986037946
"Wave_914",1.31976515797876
"Wave_915",1.35514115976989
"Wave_916",1.41356431085337
"Wave_917",1.44127569038569
"Wave_918",1.44287934234855
"Wave_919",1.4903486585815
"Wave_920",1.50149812489408
"Wave_921",1.53011768170977
"Wave_922",1.59135129927244
"Wave_923",1.66671665294662
"Wave_924",1.74714261671775
"Wave_925",1.79353378419693
"Wave_926",1.86564071891552
"Wave_927",1.93042856696731
"Wave_928",1.99401396481988
"Wave_929",2.05631467153819
"Wave_930",2.08641199834394
"Wave_931",2.1405490104656
"Wave_932",2.18289744117872
"Wave_933",2.23941689148619
"Wave_934",2.33466654187994
"Wave_935",2.38375064521821
"Wave_936",2.42050452777761
"Wave_937",2.47470577050557
"Wave_938",2.54703181506615
"Wave_939",2.60779005038833
"Wave_940",2.61814392086366
"Wave_941",2.68592259111368
"Wave_942",2.75555660264433
"Wave_943",2.78993714738817
"Wave_944",2.81832065324397
"Wave_945",2.88862187880964
"Wave_946",2.93997190974763
"Wave_947",2.93290802411736
"Wave_948",2.96460397669345
"Wave_949",2.94091830676346
"Wave_950",2.87976036957617
"Wave_951",2.82093637335146
"Wave_952",2.74869738855895
"Wave_953",2.6947833733138
"Wave_954",2.68614733210704
"Wave_955",2.62005595930804
"Wave_956",2.52645894698972
"Wave_957",2.42484451592399
"Wave_958",2.30114393129335
"Wave_959",2.16847058319339
"Wave_960",2.04718323750557
"Wave_961",1.97391834476795
"Wave_962",1.85923475079815
"Wave_963",1.73995130003492
"Wave_964",1.66593694924278
"Wave_965",1.67766056026192
"Wave_966",1.61005866091762
"Wave_967",1.49055112258037
"Wave_968",1.41667622505536
"Wave_969",1.33745140294447
"Wave_970",1.28805304251321
"Wave_971",1.28591927781443
"Wave_972",1.29370049781419
"Wave_973",1.26460296853584
"Wave_974",1.22158794976135
"Wave_975",1.21073810898029
"Wave_976",1.20645418129358
"Wave_977",1.2073697508135
"Wave_978",1.21794456884947
"Wave_979",1.21812463601668
"Wave_980",1.20583310411315
"Wave_981",1.21623437737718
"Wave_982",1.2495363844487
"Wave_983",1.31195655931775
"Wave_984",1.37385320353575
"Wave_985",1.43220227142761
"Wave_986",1.48300378473264
"Wave_987",1.5090258453405
"Wave_988",1.63449611951831
"Wave_989",1.81527809790947
"Wave_990",1.87818912921464
"Wave_991",1.9391574813002
"Wave_992",1.99094962390979
"Wave_993",2.06431583709353
"Wave_994",2.14416602939021
"Wave_995",2.23424136403714
"Wave_996",2.40435072469062
"Wave_997",2.53623030671331
"Wave_998",2.7130807719354
"Wave_999",2.8479738897083
"Wave_1000",2.90553519365731
"Wave_1001",2.98922332248994
"Wave_1002",3.09885975258466
"Wave_1003",3.20560362948669
"Wave_1004",3.34583188999599
"Wave_1005",3.46550596207626
"Wave_1006",3.57860624066085
"Wave_1007",3.71887237542893
"Wave_1008",3.81414192638007
"Wave_1009",3.97266814364913
"Wave_1010",4.13497741076307
"Wave_1011",4.28277896112438
"Wave_1012",4.44534007793882
"Wave_1013",4.60371976158447
"Wave_1014",4.76326960175165
"Wave_1015",4.91120384953753
"Wave_1016",5.01665008391218
"Wave_1017",5.13552272755908
"Wave_1018",5.29324635051972
"Wave_1019",5.39928274212372
"Wave_1020",5.53714527545319
"Wave_1021",5.72419650467232
"Wave_1022",5.85095929248444
"Wave_1023",5.97316800292936
"Wave_1024",6.12585956240918
"Wave_1025",6.24735950235291
"Wave_1026",6.38027201689443
"Wave_1027",6.51427517648591
"Wave_1028",6.69980969908467
"Wave_1029",6.81288212935497
"Wave_1030",6.8759285830753
"Wave_1031",7.00107449283091
"Wave_1032",7.12088277795503
"Wave_1033",7.24705901937422
"Wave_1034",7.39374561167886
"Wave_1035",7.5397122429518
"Wave_1036",7.64060095961755
"Wave_1037",7.71024492725939
"Wave_1038",7.83207233609175
"Wave_1039",7.96169703896326
"Wave_1040",8.08358701453638
"Wave_1041",8.23058231235122
"Wave_1042",8.34026318500886
"Wave_1043",8.46678341817757
"Wave_1044",8.57584912295558
"Wave_1045",8.66298195270059
"Wave_1046",8.77304773687489
"Wave_1047",8.91420794206775
"Wave_1048",9.03467401813728
"Wave_1049",9.12910585526526
"Wave_1050",9.27004416665274
"Wave_1051",9.35600469427495
"Wave_1052",9.4001698162554
"Wave_1053",9.48828258039016
"Wave_1054",9.56721070071015
"Wave_1055",9.63378260799512
"Wave_1056",9.71925778168318
"Wave_1057",9.82287750397103
"Wave_1058",9.92973528898642
"Wave_1059",10.0518899107822
"Wave_1060",10.1941409751642
"Wave_1061",10.2968409598957
"Wave_1062",10.3541068531946
"Wave_1063",10.442716673058
"Wave_1064",10.5347630264642
"Wave_1065",10.6014041472414
"Wave_1066",10.6968615394841
"Wave_1067",10.7732496072538
"Wave_1068",10.8453053465307
"Wave_1069",10.9373602843097
"Wave_1070",11.012973034316
"Wave_1071",11.0738276040133
"Wave_1072",11.1589830549869
"Wave_1073",11.2075944028205
"Wave_1074",11.2811546022065
"Wave_1075",11.4037019984276
"Wave_1076",11.4928156268883
"Wave_1077",11.5812918665594
"Wave_1078",11.6696794869426
"Wave_1079",11.7553010046756
"Wave_1080",11.8260785044869
"Wave_1081",11.8905679267055
"Wave_1082",11.9485362127384
"Wave_1083",12.0165669930599
"Wave_1084",12.0832045527375
"Wave_1085",12.1541316085191
"Wave_1086",12.2621628718221
"Wave_1087",12.3394481924697
"Wave_1088",12.4036604618807
"Wave_1089",12.461220254656
"Wave_1090",12.4904346351507
"Wave_1091",12.5439072430094
"Wave_1092",12.6096009794799
"Wave_1093",12.6344118417683
"Wave_1094",12.6725991100028
"Wave_1095",12.7687765071885
"Wave_1096",12.8591392264985
"Wave_1097",12.9103714602726
"Wave_1098",12.9393169265454
"Wave_1099",12.9311395907652
"Wave_1100",12.9478057696867
"Wave_1101",13.032497187801
"Wave_1102",13.0936371981519
"Wave_1103",13.1622787619319
"Wave_1104",13.1829802308065
"Wave_1105",13.1474582495401
"Wave_1106",13.1565777904052
"Wave_1107",13.1802761374972
"Wave_1108",13.187998362301
"Wave_1109",13.2271957442312
"Wave_1110",13.2394151589042
"Wave_1111",13.2272134327203
"Wave_1112",13.2103500974795
"Wave_1113",13.1993421536093
"Wave_1114",13.1815721659852
"Wave_1115",13.1742711341425
"Wave_1116",13.1517562683708
"Wave_1117",13.1002295018281
"Wave_1118",13.0536783712628
"Wave_1119",12.9986157346638
"Wave_1120",12.9079966158043
"Wave_1121",12.8136222396188
"Wave_1122",12.7173972894342
"Wave_1123",12.5943656018203
"Wave_1124",12.4628274536994
"Wave_1125",12.3229836101791
"Wave_1126",12.1288062024417
"Wave_1127",11.9129864220874
"Wave_1128",11.6819906752523
"Wave_1129",11.4717642561063
"Wave_1130",11.2343716749601
"Wave_1131",10.9513110965609
"Wave_1132",10.6663150660317
"Wave_1133",10.330647248275
"Wave_1134",9.9900079308531
"Wave_1135",9.62123627961891
"Wave_1136",9.25301115160833
"Wave_1137",8.88961388864669
"Wave_1138",8.50054773217279
"Wave_1139",8.08469208866663
"Wave_1140",7.69059914502103
"Wave_1141",7.34145181517937
"Wave_1142",6.92974199513802
"Wave_1143",6.51839992287763
"Wave_1144",6.12999333341835
"Wave_1145",5.7249520759689
"Wave_1146",5.29167257721471
"Wave_1147",4.9339717668868
"Wave_1148",4.5879391889406
"Wave_1149",4.23061098875182
"Wave_1150",3.89770816713178
"Wave_1151",3.54972424570532
"Wave_1152",3.21187510445439
"Wave_1153",2.87520464550111
"Wave_1154",2.54783999653967
"Wave_1155",2.22218004609704
"Wave_1156",1.89405853592231
"Wave_1157",1.58768245021911
"Wave_1158",1.27336115164208
"Wave_1159",0.986572726305298
"Wave_1160",0.724423297886693
"Wave_1161",0.468150667477569
"Wave_1162",0.192139027749437
"Wave_1163",-0.0601490018526287
"Wave_1164",-0.303344607951745
"Wave_1165",-0.510548781528083
"Wave_1166",-0.702667164153193
"Wave_1167",-0.908391844192588
"Wave_1168",-1.108824855824
"Wave_1169",-1.28744837425288
"Wave_1170",-1.44218221125095
"Wave_1171",-1.57800076725284
"Wave_1172",-1.72860676280885
"Wave_1173",-1.87813425285694
"Wave_1174",-2.03222621205453
"Wave_1175",-2.18831207147588
"Wave_1176",-2.35400838871153
"Wave_1177",-2.53238459913309
"Wave_1178",-2.71958790300665
"Wave_1179",-2.92327126466574
"Wave_1180",-3.11220972185557
"Wave_1181",-3.28743938809192
"Wave_1182",-3.46810049567712
"Wave_1183",-3.66153111770841
"Wave_1184",-3.84534290998496
"Wave_1185",-4.05056854185137
"Wave_1186",-4.25147714720205
"Wave_1187",-4.4199345911933
"Wave_1188",-4.57655250266374
"Wave_1189",-4.7690173830517
"Wave_1190",-4.93830353168235
"Wave_1191",-5.1054279129436
"Wave_1192",-5.28473702834401
"Wave_1193",-5.45640427182792
"Wave_1194",-5.61198098596873
"Wave_1195",-5.7687364121185
"Wave_1196",-5.94935022035663
"Wave_1197",-6.09029032101679
"Wave_1198",-6.20740768969175
"Wave_1199",-6.31143124228426
"Wave_1200",-6.41942156702851
"Wave_1201",-6.50934395688528
"Wave_1202",-6.55293026500634
"Wave_1203",-6.56468401489492
"Wave_1204",-6.55941936679957
"Wave_1205",-6.51845772978303
"Wave_1206",-6.42178814711548
"Wave_1207",-6.30117685869163
"Wave_1208",-6.15823900913275
"Wave_1209",-5.96458326326046
"Wave_1210",-5.7487494373271
"Wave_1211",-5.52279272234015
"Wave_1212",-5.2495893523642
"Wave_1213",-4.9262392946431
"Wave_1214",-4.62198001613778
"Wave_1215",-4.29802157106464
"Wave_1216",-3.9231776581067
"Wave_1217",-3.53268365853408
"Wave_1218",-3.15223899357067
"Wave_1219",-2.74857653821357
"Wave_1220",-2.31775203710446
"Wave_1221",-1.87373400661421
"Wave_1222",-1.43971122963124
"Wave_1223",-1.00278841858525
"Wave_1224",-0.554155374745193
"Wave_1225",-0.112154234401588
"Wave_1226",0.320272618369931
"Wave_1227",0.75066072510992
"Wave_1228",1.15741309554412
"Wave_1229",1.53762980698608
"Wave_1230",1.90937136903347
"Wave_1231",2.27016370148611
"Wave_1232",2.61451833260371
"Wave_1233",2.9364351513072
"Wave_1234",3.25077644284431
"Wave_1235",3.56663711360132
"Wave_1236",3.86126800856443
"Wave_1237",4.13811149972895
"Wave_1238",4.40596590210305
"Wave_1239",4.65539048926439
"Wave_1240",4.89029239940092
"Wave_1241",5.12671639947159
"Wave_1242",5.35119879750799
"Wave_1243",5.5688386495063
"Wave_1244",5.78400031570856
"Wave_1245",5.98162726978663
"Wave_1246",6.18070640216663
"Wave_1247",6.38342598251038
"Wave_1248",6.58043582255518
"Wave_1249",6.7457111477887
"Wave_1250",6.90009493808489
"Wave_1251",7.05987572602745
"Wave_1252",7.21983975458585
"Wave_1253",7.36432772764938
"Wave_1254",7.49216453182272
"Wave_1255",7.62908575809679
"Wave_1256",7.76758892244611
"Wave_1257",7.88789748978094
"Wave_1258",8.01875357991809
"Wave_1259",8.15463095836343
"Wave_1260",8.26854937055067
"Wave_1261",8.37587672705521
"Wave_1262",8.51370643302918
"Wave_1263",8.62560388586883
"Wave_1264",8.70539434579979
"Wave_1265",8.79756848971054
"Wave_1266",8.90132154080961
"Wave_1267",8.99848787658892
"Wave_1268",9.07715829502382
"Wave_1269",9.15780727109375
"Wave_1270",9.23001765474858
"Wave_1271",9.30544982390537
"Wave_1272",9.38158736284108
"Wave_1273",9.4654465746713
"Wave_1274",9.55101365109131
"Wave_1275",9.62040562982108
"Wave_1276",9.70037076546917
"Wave_1277",9.76541357207744
"Wave_1278",9.80433294468231
"Wave_1279",9.85040023369202
"Wave_1280",9.89619158655597
"Wave_1281",9.94924842582323
"Wave_1282",10.0169851910163
"Wave_1283",10.062046000886
"Wave_1284",10.092512173162
"Wave_1285",10.1308608347345
"Wave_1286",10.1544109529844
"Wave_1287",10.173081157336
"Wave_1288",10.2055188161453
"Wave_1289",10.2250182332609
"Wave_1290",10.2252053109989
"Wave_1291",10.2414250299276
"Wave_1292",10.2538847197963
"Wave_1293",10.2432270685507
"Wave_1294",10.2292195319581
"Wave_1295",10.208433189921
"Wave_1296",10.201326620399
"Wave_1297",10.1997458939348
"Wave_1298",10.1720082572602
"Wave_1299",10.1418218658481
"Wave_1300",10.1147161951636
"Wave_1301",10.0725778367338
"Wave_1302",10.0058337229888
"Wave_1303",9.92131284222709
"Wave_1304",9.86657328168525
"Wave_1305",9.81155449617248
"Wave_1306",9.73247964316712
"Wave_1307",9.66024556022855
"Wave_1308",9.59973339220114
"Wave_1309",9.51396984442365
"Wave_1310",9.40127400169768
"Wave_1311",9.31111912338083
"Wave_1312",9.22485068300264
"Wave_1313",9.12328619923573
"Wave_1314",9.01451131110165
"Wave_1315",8.88849425991115
"Wave_1316",8.75439615119326
"Wave_1317",8.62494380674765
"Wave_1318",8.49234509207021
"Wave_1319",8.35076097109861
"Wave_1320",8.1971360911259
"Wave_1321",8.0396777918468
"Wave_1322",7.85564038570584
"Wave_1323",7.67878840703909
"Wave_1324",7.51820696660041
"Wave_1325",7.33872220600257
"Wave_1326",7.16401929095831
"Wave_1327",6.97051214328848
"Wave_1328",6.75858204151664
"Wave_1329",6.56050674999529
"Wave_1330",6.35775419515216
"Wave_1331",6.13982961667523
"Wave_1332",5.92851294999627
"Wave_1333",5.72219716933121
"Wave_1334",5.52065088290076
"Wave_1335",5.30455044019395
"Wave_1336",5.09761697823862
"Wave_1337",4.89936675515034
"Wave_1338",4.69547791914591
"Wave_1339",4.4894358198509
"Wave_1340",4.26677725933485
"Wave_1341",4.04896866566998
"Wave_1342",3.8552503400689
"Wave_1343",3.66653079597091
"Wave_1344",3.46633124546331
"Wave_1345",3.27508329644742
"Wave_1346",3.09022602197433
"Wave_1347",2.88937968650126
"Wave_1348",2.70512958121432
"Wave_1349",2.54008367655041
"Wave_1350",2.37456023245335
"Wave_1351",2.20956996413941
"Wave_1352",2.07486468274253
"Wave_1353",1.95316502459773
"Wave_1354",1.84812431676235
"Wave_1355",1.74844629335774
"Wave_1356",1.64735372998519
"Wave_1357",1.52516414329755
"Wave_1358",1.43169419019572
"Wave_1359",1.36712224162482
"Wave_1360",1.29541937788067
"Wave_1361",1.20764643991731
"Wave_1362",1.11514954560739
"Wave_1363",1.04832527730167
"Wave_1364",0.944691556266854
"Wave_1365",0.888147466093053
"Wave_1366",0.81982364847605
"Wave_1367",0.794760765467204
"Wave_1368",0.754627026652195
"Wave_1369",0.760324129939269
"Wave_1370",0.728871460959793
"Wave_1371",0.766546905113969
"Wave_1372",0.766814771745264
"Wave_1373",0.812131550379592
"Wave_1374",0.873178576707673
"Wave_1375",0.994765200353282
"Wave_1376",1.14389296120303
"Wave_1377",1.31853264906982
"Wave_1378",1.49244855115324
"Wave_1379",1.72063384062697
"Wave_1380",1.97787017132204
"Wave_1381",2.1956140499671
"Wave_1382",2.50576788847867
"Wave_1383",2.81219223811365
"Wave_1384",3.23003020159578
"Wave_1385",3.58715961237625
"Wave_1386",4.01011870044023
"Wave_1387",4.42605751212805
"Wave_1388",4.93249797161123
"Wave_1389",5.31202707837572
"Wave_1390",5.74850183534528
"Wave_1391",6.26937161066421
"Wave_1392",6.79413044033478
"Wave_1393",7.29907233936761
"Wave_1394",7.74864547772274
"Wave_1395",8.24921798492586
"Wave_1396",8.70872752347871
"Wave_1397",9.11016271547901
"Wave_1398",9.44752659610203
"Wave_1399",9.8623264512809
"Wave_1400",10.1809221670773
"Wave_1401",10.4763452359681
"Wave_1402",10.6835078841509
"Wave_1403",10.8705380177926
"Wave_1404",11.0388887718893
"Wave_1405",11.1317628611845
"Wave_1406",11.1537235481617
"Wave_1407",11.2087419240711
"Wave_1408",11.2360976288136
"Wave_1409",11.2056499875665
"Wave_1410",11.1600239847664
"Wave_1411",11.0484312516557
"Wave_1412",10.978526941577
"Wave_1413",10.8528735102931
"Wave_1414",10.7252508991867
"Wave_1415",10.5747496360809
"Wave_1416",10.4599637265158
"Wave_1417",10.2909557700975
"Wave_1418",10.1506295580772
"Wave_1419",9.95067098714459
"Wave_1420",9.81323084514943
"Wave_1421",9.6383947756467
"Wave_1422",9.45436043918103
"Wave_1423",9.25407766334345
"Wave_1424",9.12937789045118
"Wave_1425",8.9626331017061
"Wave_1426",8.81962716576797
"Wave_1427",8.65632398998482
"Wave_1428",8.51283114536276
"Wave_1429",8.37045944002188
"Wave_1430",8.235589689925
"Wave_1431",8.08970120058432
"Wave_1432",7.97577701672368
"Wave_1433",7.86809531868863
"Wave_1434",7.76561345120073
"Wave_1435",7.66346555434201
"Wave_1436",7.57882278003888
"Wave_1437",7.50188670248536
"Wave_1438",7.4209860233747
"Wave_1439",7.34484265714936
"Wave_1440",7.28578187782454
"Wave_1441",7.2432810912284
"Wave_1442",7.20591419967478
"Wave_1443",7.16690259422344
"Wave_1444",7.12956486997339
"Wave_1445",7.10190195741108
"Wave_1446",7.0701186959178
"Wave_1447",7.04923034124253
"Wave_1448",7.03183366454318
"Wave_1449",7.02444982075329
"Wave_1450",7.02175383032682
"Wave_1451",7.01582800823661
"Wave_1452",7.01421631341063
"Wave_1453",7.00665082514261
"Wave_1454",6.99569680941062
"Wave_1455",7.00162022622309
"Wave_1456",7.00378519243661
"Wave_1457",6.99348887736331
"Wave_1458",6.98638321954134
"Wave_1459",6.98209107436869
"Wave_1460",6.97358877723969
"Wave_1461",6.96468935271131
"Wave_1462",6.94009023067935
"Wave_1463",6.9315198730221
"Wave_1464",6.91450862424297
"Wave_1465",6.89614298425799
"Wave_1466",6.86042440308989
"Wave_1467",6.84117292389003
"Wave_1468",6.80393514412895
"Wave_1469",6.76903740920763
"Wave_1470",6.70828686687038
"Wave_1471",6.68622093669069
"Wave_1472",6.65200871435571
"Wave_1473",6.60368611244058
"Wave_1474",6.54373651408291
"Wave_1475",6.49577789219476
"Wave_1476",6.4454069245663
"Wave_1477",6.37901745419465
"Wave_1478",6.30721250031255
"Wave_1479",6.25619230792714
"Wave_1480",6.21466417421662
"Wave_1481",6.1517561052359
"Wave_1482",6.0816748491111
"Wave_1483",6.0068563234868
"Wave_1484",5.93499069239343
"Wave_1485",5.86508059935241
"Wave_1486",5.78078071955784
"Wave_1487",5.70075748691391
"Wave_1488",5.63740965358269
"Wave_1489",5.55100189657162
"Wave_1490",5.45491050132551
"Wave_1491",5.36251812963533
"Wave_1492",5.27277714317989
"Wave_1493",5.17943753685548
"Wave_1494",5.06419295274453
"Wave_1495",4.95004239519664
"Wave_1496",4.86604031231368
"Wave_1497",4.76509028257634
"Wave_1498",4.64194671527487
"Wave_1499",4.51961124445648
"Wave_1500",4.41222788677851
"Wave_1501",4.3012965133457
"Wave_1502",4.16678082475549
"Wave_1503",4.04236463567507
"Wave_1504",3.93404821948306
"Wave_1505",3.79735644439398
"Wave_1506",3.65055525823437
"Wave_1507",3.52060376344547
"Wave_1508",3.38501318909627
"Wave_1509",3.23911524213332
"Wave_1510",3.08693279427365
"Wave_1511",2.93991880448585
"Wave_1512",2.80428419861377
"Wave_1513",2.66114390818999
"Wave_1514",2.49924904476491
"Wave_1515",2.33459230596327
"Wave_1516",2.17456617732287
"Wave_1517",2.0254284047115
"Wave_1518",1.86295156468325
"Wave_1519",1.6938064002055
"Wave_1520",1.53922744292165
"Wave_1521",1.37987744999242
"Wave_1522",1.19051056805452
"Wave_1523",1.01786331097852
"Wave_1524",0.831118471700165
"Wave_1525",0.648557064109085
"Wave_1526",0.461608928470463
"Wave_1527",0.266861459640917
"Wave_1528",0.105176555794475
"Wave_1529",-0.0530003275858714
"Wave_1530",-0.248857047156795
"Wave_1531",-0.438750033213117
"Wave_1532",-0.641797211552448
"Wave_1533",-0.83478180696431
"Wave_1534",-1.01929337742884
"Wave_1535",-1.2139991128307
"Wave_1536",-1.38108932137143
"Wave_1537",-1.55197701418824
"Wave_1538",-1.76211757779512
"Wave_1539",-1.96570135744062
"Wave_1540",-2.16083022884296
"Wave_1541",-2.34053315916672
"Wave_1542",-2.5257243265571
"Wave_1543",-2.7257569212394
"Wave_1544",-2.90202145385398
"Wave_1545",-3.06674419182925
"Wave_1546",-3.27529702299679
"Wave_1547",-3.4723948793096
"Wave_1548",-3.64464305404281
"Wave_1549",-3.82955310553758
"Wave_1550",-4.0286875601308
"Wave_1551",-4.21164373757553
"Wave_1552",-4.37894722167758
"Wave_1553",-4.55061959595562
"Wave_1554",-4.73219273110819
"Wave_1555",-4.90464191824468
"Wave_1556",-5.08705827771253
"Wave_1557",-5.25843014460562
"Wave_1558",-5.41417434275293
"Wave_1559",-5.58857492132046
"Wave_1560",-5.76131658270602
"Wave_1561",-5.91734799088311
"Wave_1562",-6.08352682585703
"Wave_1563",-6.24308233933757
"Wave_1564",-6.40179628345039
"Wave_1565",-6.55944217873745
"Wave_1566",-6.70608184604014
"Wave_1567",-6.84892411574536
"Wave_1568",-6.99482542108655
"Wave_1569",-7.13522603595892
"Wave_1570",-7.26047813405492
"Wave_1571",-7.37724118275926
"Wave_1572",-7.49674722868592
"Wave_1573",-7.60875335113262
"Wave_1574",-7.71317709278133
"Wave_1575",-7.83018164261798
"Wave_1576",-7.93910279774101
"Wave_1577",-8.03923983586032
"Wave_1578",-8.14961288147279
"Wave_1579",-8.24976209982937
"Wave_1580",-8.34098409961632
"Wave_1581",-8.42823090305258
"Wave_1582",-8.51681963193323
"Wave_1583",-8.59800513386985
"Wave_1584",-8.65141329980407
"Wave_1585",-8.71747662854091
"Wave_1586",-8.79120550417734
"Wave_1587",-8.85732395867669
"Wave_1588",-8.92085067875838
"Wave_1589",-8.97620650187473
"Wave_1590",-9.01961179489314
"Wave_1591",-9.05507266665761
"Wave_1592",-9.09463502336754
"Wave_1593",-9.13635954889028
"Wave_1594",-9.16184910688408
"Wave_1595",-9.18184566325945
"Wave_1596",-9.20865632897117
"Wave_1597",-9.22946909868744
"Wave_1598",-9.24168471687312
"Wave_1599",-9.25164862322808
"Wave_1600",-9.25857969405408
"Wave_1601",-9.25472170871014
"Wave_1602",-9.23893393052211
"Wave_1603",-9.23326627938963
"Wave_1604",-9.23468335614329
"Wave_1605",-9.2279543285229
"Wave_1606",-9.22188944161622
"Wave_1607",-9.21285210563912
"Wave_1608",-9.18727861688254
"Wave_1609",-9.16796958634817
"Wave_1610",-9.16144817553149
"Wave_1611",-9.13937751356202
"Wave_1612",-9.11494308696579
"Wave_1613",-9.10013055404702
"Wave_1614",-9.07312877348163
"Wave_1615",-9.05362851281535
"Wave_1616",-9.04776678891956
"Wave_1617",-9.03013457570556
"Wave_1618",-9.00201134032685
"Wave_1619",-9.00034396351568
"Wave_1620",-9.00340044649375
"Wave_1621",-9.00267459517427
"Wave_1622",-9.01369916353395
"Wave_1623",-9.02185635433908
"Wave_1624",-9.02981984405839
"Wave_1625",-9.05305544712548
"Wave_1626",-9.09329746033671
"Wave_1627",-9.12654223638321
"Wave_1628",-9.13917027992786
"Wave_1629",-9.15310587693622
"Wave_1630",-9.18377310018938
"Wave_1631",-9.20637412651149
"Wave_1632",-9.21436078958174
"Wave_1633",-9.1912983700208
"Wave_1634",-9.15140861077957
"Wave_1635",-9.12316670398431
"Wave_1636",-9.10274196030842
"Wave_1637",-9.05950721781318
"Wave_1638",-9.00751902260061
"Wave_1639",-8.95232162472195
"Wave_1640",-8.88343941362983
"Wave_1641",-8.79185096518935
"Wave_1642",-8.69023093491464
"Wave_1643",-8.60274591281227
"Wave_1644",-8.49843218337849
"Wave_1645",-8.42262919775884
"Wave_1646",-8.37166840963942
"Wave_1647",-8.29338725025048
"Wave_1648",-8.20109015432835
"Wave_1649",-8.15372828883959
"Wave_1650",-8.11782137498775
"Wave_1651",-8.10106227411804
"Wave_1652",-8.12889178969401
"Wave_1653",-8.17079875150501
"Wave_1654",-8.20963599945405
"Wave_1655",-8.29551798592733
"Wave_1656",-8.42475220541538
"Wave_1657",-8.5649616876155
"Wave_1658",-8.73230079981386
"Wave_1659",-8.92995161804171
"Wave_1660",-9.15849653607438
"Wave_1661",-9.39154644779392
"Wave_1662",-9.65576604439388
"Wave_1663",-9.92059822852385
"Wave_1664",-10.1945984197516
"Wave_1665",-10.4672373168067
"Wave_1666",-10.747383521618
"Wave_1667",-11.0084056260449
"Wave_1668",-11.2657075402154
"Wave_1669",-11.5061736242389
"Wave_1670",-11.7473986724386
"Wave_1671",-11.9782053987911
"Wave_1672",-12.1746159367075
"Wave_1673",-12.3845878820687
"Wave_1674",-12.6081222942149
"Wave_1675",-12.8240908232789
"Wave_1676",-13.0237384980207
"Wave_1677",-13.2116449857052
"Wave_1678",-13.4075405580396
"Wave_1679",-13.611559373878
"Wave_1680",-13.8370804460064
"Wave_1681",-14.0440284041776
"Wave_1682",-14.2395531586577
"Wave_1683",-14.4354051638436
"Wave_1684",-14.606166378986
"Wave_1685",-14.7835823317136
"Wave_1686",-15.0011566318149
"Wave_1687",-15.2249898829464
"Wave_1688",-15.4152454685788
"Wave_1689",-15.6589329566059
"Wave_1690",-15.9253133745307
"Wave_1691",-16.2245716394317
"Wave_1692",-16.5520935499662
"Wave_1693",-16.9050164859809
"Wave_1694",-17.2777567053022
"Wave_1695",-17.669141628683
"Wave_1696",-18.0833600559447
"Wave_1697",-18.5119315231676
"Wave_1698",-18.936960234842
"Wave_1699",-19.3687591639703
"Wave_1700",-19.8074911471966
"Wave_1701",-20.2416859598399
"Wave_1702",-20.6667658761043
"Wave_1703",-21.0910792225646
"Wave_1704",-21.536724055744
"Wave_1705",-21.9819798286545
"Wave_1706",-22.4227059764227
"Wave_1707",-22.8766919434477
"Wave_1708",-23.3184682413596
"Wave_1709",-23.7830187030956
"Wave_1710",-24.1872301295562
"Wave_1711",-24.5824651883431
"Wave_1712",-24.9360883490409
"Wave_1713",-25.241249455776
"Wave_1714",-25.4760549716677
"Wave_1715",-25.670988247075
"Wave_1716",-25.7896124499424
"Wave_1717",-25.8144291156595
"Wave_1718",-25.8142963377222
"Wave_1719",-25.7827052414014
"Wave_1720",-25.7071620566595
"Wave_1721",-25.5681949406091
"Wave_1722",-25.4242558081705
"Wave_1723",-25.219917775277
"Wave_1724",-25.0137928635833
"Wave_1725",-24.8115518026007
"Wave_1726",-24.5510256208309
"Wave_1727",-24.2484357058125
"Wave_1728",-23.915466253091
"Wave_1729",-23.5285567729872
"Wave_1730",-23.0987345418414
"Wave_1731",-22.6261923320442
"Wave_1732",-22.1250216546423
"Wave_1733",-21.6137366057711
"Wave_1734",-21.0727897029636
"Wave_1735",-20.5095072901011
"Wave_1736",-19.9909376621959
"Wave_1737",-19.5117887594401
"Wave_1738",-19.067495158291
"Wave_1739",-18.6613898217776
"Wave_1740",-18.3266312418811
"Wave_1741",-18.0571907026142
"Wave_1742",-17.8495854797562
"Wave_1743",-17.7177588517488
"Wave_1744",-17.584112661225
"Wave_1745",-17.4712809536957
"Wave_1746",-17.4089955842675
"Wave_1747",-17.3640855997112
"Wave_1748",-17.3246857602488
"Wave_1749",-17.266553094585
"Wave_1750",-17.177259904098
"Wave_1751",-17.0853121303348
"Wave_1752",-16.9959099244753
"Wave_1753",-16.8825855359484
"Wave_1754",-16.7430024833029
"Wave_1755",-16.5704755205653
"Wave_1756",-16.3624637844132
"Wave_1757",-16.1355296941988
"Wave_1758",-15.8841438446467
"Wave_1759",-15.6248692059491
"Wave_1760",-15.3402097719246
"Wave_1761",-15.0273874414015
"Wave_1762",-14.673617510689
"Wave_1763",-14.3076472060922
"Wave_1764",-13.9059117788372
"Wave_1765",-13.4981727617256
"Wave_1766",-13.1005908307545
"Wave_1767",-12.69811423914
"Wave_1768",-12.2805442875676
"Wave_1769",-11.8813263367465
"Wave_1770",-11.4888781197069
"Wave_1771",-11.1152577270357
"Wave_1772",-10.7258418908441
"Wave_1773",-10.3612327602774
"Wave_1774",-10.0487471591009
"Wave_1775",-9.74520381932155
"Wave_1776",-9.46049881515698
"Wave_1777",-9.163967759533
"Wave_1778",-8.84540372751282
"Wave_1779",-8.55191495500251
"Wave_1780",-8.27717056836808
"Wave_1781",-7.97492777084405
"Wave_1782",-7.64804406062217
"Wave_1783",-7.31442732549691
"Wave_1784",-6.97081116710831
"Wave_1785",-6.63338682372079
"Wave_1786",-6.30204607375015
"Wave_1787",-5.97277202189146
"Wave_1788",-5.63645718913068
"Wave_1789",-5.33212577992875
"Wave_1790",-5.03257743289041
"Wave_1791",-4.28328844115893
"Wave_1792",-3.9849057411928
"Wave_1793",-3.71655755217224
"Wave_1794",-3.4405070368244
"Wave_1795",-3.18590242129024
"Wave_1796",-2.94012598950787
"Wave_1797",-2.6908508140025
"Wave_1798",-2.4662888228722
"Wave_1799",-2.24373119843392
"Wave_1800",-2.0365805629019
"Wave_1801",-1.87660169675827
"Wave_1802",-1.76316427552669
"Wave_1803",-1.63079605075219
"Wave_1804",-1.47994460764188
"Wave_1805",-1.29823653205619
"Wave_1806",-1.15026205169349
"Wave_1807",-1.00528867191246
"Wave_1808",-0.851343946006222
"Wave_1809",-0.729474140639195
"Wave_1810",-0.587154501342612
"Wave_1811",-0.43564183642288
"Wave_1812",-0.298899457750478
"Wave_1813",-0.153753687987225
"Wave_1814",0.00416173937202657
"Wave_1815",0.142736951803017
"Wave_1816",0.253040142012178
"Wave_1817",0.39754785426746
"Wave_1818",0.528478777822063
"Wave_1819",0.617833437527243
"Wave_1820",0.751883269454158
"Wave_1821",0.911084088050919
"Wave_1822",1.057011401965
"Wave_1823",1.17735547965997
"Wave_1824",1.3240829288059
"Wave_1825",1.47536865203709
"Wave_1826",1.62671089177045
"Wave_1827",1.7697495570378
"Wave_1828",1.8970996121423
"Wave_1829",2.06778938888728
"Wave_1830",2.25405452132442
"Wave_1831",2.43691719160459
"Wave_1832",2.63140933840026
"Wave_1833",2.8534885506799
"Wave_1834",3.05009997896345
"Wave_1835",3.22964750520506
"Wave_1836",3.45182435167117
"Wave_1837",3.69522675755731
"Wave_1838",3.94904279161141
"Wave_1839",4.18744062416217
"Wave_1840",4.47999539212624
"Wave_1841",4.80950349856233
"Wave_1842",5.12021530708342
"Wave_1843",5.402239920766
"Wave_1844",5.70813506728608
"Wave_1845",6.02776162440354
"Wave_1846",6.31704138936041
"Wave_1847",6.70805918356439
"Wave_1848",7.04768736272462
"Wave_1849",7.39474718283205
"Wave_1850",7.71489507449824
"Wave_1851",8.12546471148026
"Wave_1852",8.53546421283682
"Wave_1853",8.94087825446715
"Wave_1854",9.38787472595087
"Wave_1855",9.79002510086199
"Wave_1856",10.2733906133829
"Wave_1857",10.6832454423451
"Wave_1858",11.1275971163974
"Wave_1859",11.5846435333994
"Wave_1860",12.0454626389796
"Wave_1861",12.4985537775551
"Wave_1862",12.9317428202065
"Wave_1863",13.3293381791614
"Wave_1864",13.7463548892406
"Wave_1865",14.2498803323044
"Wave_1866",14.5469219791541
"Wave_1867",14.8651896015964
"Wave_1868",15.2248296535658
"Wave_1869",15.5325850877426
"Wave_1870",15.7492847219358
"Wave_1871",15.9101115538044
"Wave_1872",16.0696291010465
"Wave_1873",16.0950611865206
"Wave_1874",16.130974550418
"Wave_1875",15.9340699593387
"Wave_1876",15.6987720094937
"Wave_1877",15.5636693303755
"Wave_1878",15.2977448730752
"Wave_1879",14.9747662581356
"Wave_1880",14.5059012156264
"Wave_1881",14.0031688036111
"Wave_1882",13.3967332857344
"Wave_1883",12.8125513014726
"Wave_1884",11.9964836838726
"Wave_1885",11.1779106625384
"Wave_1886",10.5100877922665
"Wave_1887",9.68110281559161
"Wave_1888",8.8262325751892
"Wave_1889",7.88949776283409
"Wave_1890",6.99425899092576
"Wave_1891",6.07477089723587
"Wave_1892",5.1080585537929
"Wave_1893",4.15033289984467
"Wave_1894",3.16826945185497
"Wave_1895",2.42770870495828
"Wave_1896",1.61014885102582
"Wave_1897",0.873466091041997
"Wave_1898",0.141645191178812
"Wave_1899",-0.555308789978819
"Wave_1900",-1.19442787653034
"Wave_1901",-1.85243821593959
"Wave_1902",-2.42100061322489
"Wave_1903",-3.00214425992253
"Wave_1904",-3.41860079583895
"Wave_1905",-3.87106207380053
"Wave_1906",-4.23744293908172
"Wave_1907",-4.63131625460547
"Wave_1908",-5.00196605956957
"Wave_1909",-5.31097202915753
"Wave_1910",-5.60322551733702
"Wave_1911",-5.85504084141301
"Wave_1912",-6.12183860963984
"Wave_1913",-6.31126328692774
"Wave_1914",-6.52061183624802
"Wave_1915",-6.68830703684566
"Wave_1916",-6.86963574016646
"Wave_1917",-6.99115038841441
"Wave_1918",-7.12675147013247
"Wave_1919",-7.27736368122399
"Wave_1920",-7.41065505119039
"Wave_1921",-7.5246840415422
"Wave_1922",-7.60964022766829
"Wave_1923",-7.70007483396732
"Wave_1924",-7.7630922804331
"Wave_1925",-7.84380345293359
"Wave_1926",-7.89272519211508
"Wave_1927",-7.93710722139964
"Wave_1928",-7.97435128347101
"Wave_1929",-8.01072186574826
"Wave_1930",-8.02656881106136
"Wave_1931",-8.0509209332886
"Wave_1932",-8.0730764742291
"Wave_1933",-8.08002841480149
"Wave_1934",-8.08675487537334
"Wave_1935",-8.06454148854045
"Wave_1936",-8.0536381416838
"Wave_1937",-8.04281933930587
"Wave_1938",-8.01308045278414
"Wave_1939",-7.96131668566525
"Wave_1940",-7.9401506153139
"Wave_1941",-7.90231573595506
"Wave_1942",-7.831819840616
"Wave_1943",-7.78796678958473
"Wave_1944",-7.73136030868307
"Wave_1945",-7.66718053245183
"Wave_1946",-7.5982705073142
"Wave_1947",-7.52796334817933
"Wave_1948",-7.46166593440115
"Wave_1949",-7.39277556712982
"Wave_1950",-7.28323377368061
"Wave_1951",-7.16734769606572
"Wave_1952",-7.08102201954093
"Wave_1953",-7.00024744951875
"Wave_1954",-6.90805829741509
"Wave_1955",-6.7849363982641
"Wave_1956",-6.6697136745884
"Wave_1957",-6.57829140444284
"Wave_1958",-6.48336976283877
"Wave_1959",-6.3640992507605
"Wave_1960",-6.24143642263713
"Wave_1961",-6.12767934603748
"Wave_1962",-6.00190161720229
"Wave_1963",-5.845799321905
"Wave_1964",-5.7162272646607
"Wave_1965",-5.60004034802075
"Wave_1966",-5.46685425307546
"Wave_1967",-5.34682892705517
"Wave_1968",-5.21550011048503
"Wave_1969",-5.0636313502483
"Wave_1970",-4.92156671767536
"Wave_1971",-4.77282909377669
"Wave_1972",-4.60737858210749
"Wave_1973",-4.44472688391149
"Wave_1974",-4.28249615897326
"Wave_1975",-4.11779648737873
"Wave_1976",-3.96778804038227
"Wave_1977",-3.82366821250873
"Wave_1978",-3.68170099138156
"Wave_1979",-3.53426002752216
"Wave_1980",-3.39412389373361
"Wave_1981",-3.24364032954281
"Wave_1982",-3.09005730460847
"Wave_1983",-2.92814539727989
"Wave_1984",-2.778209673336
"Wave_1985",-2.62697638345649
"Wave_1986",-2.47380075338558
"Wave_1987",-2.3536858820841
"Wave_1988",-2.21207090768043
"Wave_1989",-2.0395800607629
"Wave_1990",-1.88746517609539
"Wave_1991",-1.73149054460334
"Wave_1992",-1.60232299228901
"Wave_1993",-1.47574069518775
"Wave_1994",-1.38329844351837
"Wave_1995",-1.23385027225495
"Wave_1996",-1.05580969318662
"Wave_1997",-0.921716633563667
"Wave_1998",-0.780228164020728
"Wave_1999",-0.625230332076601
"Wave_2000",-0.485452189841925
"Wave_2001",-0.355933209666341
"Wave_2002",-0.228720408055493
"Wave_2003",-0.0970536581677957
"Wave_2004",0.0220110542776988
"Wave_2005",0.140165005732722
"Wave_2006",0.267796327288971
"Wave_2007",0.431524137825847
"Wave_2008",0.565287749464265
"Wave_2009",0.676117991570503
"Wave_2010",0.779054979184034
"Wave_2011",0.866438094470888
"Wave_2012",0.985897860129166
"Wave_2013",1.10547643465408
"Wave_2014",1.20574465914173
"Wave_2015",1.33315927131367
"Wave_2016",1.45045980903818
"Wave_2017",1.55984338428463
"Wave_2018",1.64804685526518
"Wave_2019",1.72597265809709
"Wave_2020",1.79171346038641
"Wave_2021",1.85990788803243
"Wave_2022",1.92717961074
"Wave_2023",2.00058406049122
"Wave_2024",2.07678308449114
"Wave_2025",2.13752301814598
"Wave_2026",2.1881896744386
"Wave_2027",2.23194142027549
"Wave_2028",2.25625950308821
"Wave_2029",2.30412452351361
"Wave_2030",2.36836918298158
"Wave_2031",2.45888108021059
"Wave_2032",2.49784772517122
"Wave_2033",2.53771512434139
"Wave_2034",2.57198375031824
"Wave_2035",2.5751419209726
"Wave_2036",2.60047309115334
"Wave_2037",2.6394784882892
"Wave_2038",2.66235321029166
"Wave_2039",2.66482093854858
"Wave_2040",2.68388743720888
"Wave_2041",2.72862252975041
"Wave_2042",2.75390987411957
"Wave_2043",2.78055885686879
"Wave_2044",2.78953772183437
"Wave_2045",2.78327791334205
"Wave_2046",2.77257779020013
"Wave_2047",2.78501007464703
"Wave_2048",2.78373760459206
"Wave_2049",2.77305708677864
"Wave_2050",2.78710640009822
"Wave_2051",2.79557857728324
"Wave_2052",2.80200951983991
"Wave_2053",2.78690081424333
"Wave_2054",2.75390106067135
"Wave_2055",2.74079892340698
"Wave_2056",2.72274369301561
"Wave_2057",2.72445884420051
"Wave_2058",2.71286222878627
"Wave_2059",2.72655675581902
"Wave_2060",2.74635749575794
"Wave_2061",2.74847698762048
"Wave_2062",2.74141638933139
"Wave_2063",2.77111114237492
"Wave_2064",2.78512231628814
"Wave_2065",2.76579101975172
"Wave_2066",2.77148637366297
"Wave_2067",2.77706733799605
"Wave_2068",2.79487407660771
"Wave_2069",2.82395184255065
"Wave_2070",2.83371531131221
"Wave_2071",2.83437102065314
"Wave_2072",2.85416544885462
"Wave_2073",2.85590421812713
"Wave_2074",2.84206435260056
"Wave_2075",2.84350524791067
"Wave_2076",2.84568407814575
"Wave_2077",2.85428708700227
"Wave_2078",2.8566710059895
"Wave_2079",2.854581656537
"Wave_2080",2.86537368658225
"Wave_2081",2.88781087100087
"Wave_2082",2.92206378310544
"Wave_2083",2.94178704631666
"Wave_2084",2.95794471355634
"Wave_2085",2.97799281669215
"Wave_2086",3.01934451046833
"Wave_2087",3.02748841578583
"Wave_2088",3.04371036235243
"Wave_2089",3.08854439816339
"Wave_2090",3.12230817075067
"Wave_2091",3.14740283563384
"Wave_2092",3.1598140593362
"Wave_2093",3.17995634623136
"Wave_2094",3.21690008321313
"Wave_2095",3.26106671842729
"Wave_2096",3.29347551693927
"Wave_2097",3.3168544870244
"Wave_2098",3.35069602006038
"Wave_2099",3.39112431702653
"Wave_2100",3.45893716873578
"Wave_2101",3.5054446178925
"Wave_2102",3.5743934884359
"Wave_2103",3.64621250308111
"Wave_2104",3.65361664273468
"Wave_2105",3.68186365064428
"Wave_2106",3.75489018928143
"Wave_2107",3.80528503034468
"Wave_2108",3.84983364565815
"Wave_2109",3.90776966013523
"Wave_2110",3.94245558494092
"Wave_2111",3.99672350404908
"Wave_2112",4.09196563505012
"Wave_2113",4.16976795230497
"Wave_2114",4.23751051230337
"Wave_2115",4.29150500148473
"Wave_2116",4.36603407880675
"Wave_2117",4.45881609370594
"Wave_2118",4.53869689517841
"Wave_2119",4.62158835291942
"Wave_2120",4.71742832654633
"Wave_2121",4.7943240111205
"Wave_2122",4.85729076520874
"Wave_2123",4.92049332195125
"Wave_2124",5.00224569780958
"Wave_2125",5.07508691138386
"Wave_2126",5.13915812401977
"Wave_2127",5.2232890674771
"Wave_2128",5.27179115212475
"Wave_2129",5.31177117102719
"Wave_2130",5.31581412464609
"Wave_2131",5.32497967141596
"Wave_2132",5.34205023085251
"Wave_2133",5.34365277028248
"Wave_2134",5.35359082470005
"Wave_2135",5.36647816822301
"Wave_2136",5.34474896934532
"Wave_2137",5.32592322927869
"Wave_2138",5.32199240653643
"Wave_2139",5.31490407651131
"Wave_2140",5.33723551793189
"Wave_2141",5.35429254124125
"Wave_2142",5.34652138187812
"Wave_2143",5.35710311358418
"Wave_2144",5.39569363794578
"Wave_2145",5.38198351225741
"Wave_2146",5.31313117713074
"Wave_2147",5.29901304346675
"Wave_2148",5.34049673976861
"Wave_2149",5.33379711036559
"Wave_2150",5.33054624053487
"Wave_2151",5.37670597304134
"Wave_2152",5.41267930083755
"Wave_2153",5.3988792453025
"Wave_2154",5.41099855380341
"Wave_2155",5.46533653093548
"Wave_2156",5.51031421130893
"Wave_2157",5.52108818265846
"Wave_2158",5.55724471471347
"Wave_2159",5.60412082010902
"Wave_2160",5.66318920999399
"Wave_2161",5.72232210718896
"Wave_2162",5.77246826655536
"Wave_2163",5.86863943595609
"Wave_2164",5.94275318980614
"Wave_2165",5.99886981422272
"Wave_2166",6.07877330479013
"Wave_2167",6.149093691763
"Wave_2168",6.15569493457554
"Wave_2169",6.20718567092685
"Wave_2170",6.33885276501481
"Wave_2171",6.43851270411363
"Wave_2172",6.51373540606268
"Wave_2173",6.56723111484017
"Wave_2174",6.6075731322019
"Wave_2175",6.65915220646528
"Wave_2176",6.7071104956355
"Wave_2177",6.75601757188678
"Wave_2178",6.80285914623404
"Wave_2179",6.8772000781504
"Wave_2180",6.98159561067011
"Wave_2181",7.05169731018164
"Wave_2182",7.11913678448493
"Wave_2183",7.19987297281518
"Wave_2184",7.2739763581124
"Wave_2185",7.34526878918722
"Wave_2186",7.45621516413931
"Wave_2187",7.52221802776282
"Wave_2188",7.56205128439621
"Wave_2189",7.63006343813832
"Wave_2190",7.70337259193527
"Wave_2191",7.75115665430082
"Wave_2192",7.79632645693918
"Wave_2193",7.86048126187054
"Wave_2194",7.92588376911777
"Wave_2195",7.97435292288398
"Wave_2196",8.02492876299895
"Wave_2197",8.10255822988604
"Wave_2198",8.17634174053328
"Wave_2199",8.21383157923543
"Wave_2200",8.24560355449585
"Wave_2201",8.2841002565761
"Wave_2202",8.32733544255737
"Wave_2203",8.37463034650417
"Wave_2204",8.39999585347252
"Wave_2205",8.41820197202263
"Wave_2206",8.45646119298354
"Wave_2207",8.51491685740619
"Wave_2208",8.51976079625281
"Wave_2209",8.53142769858594
"Wave_2210",8.56316677102956
"Wave_2211",8.57608421485048
"Wave_2212",8.59027677110842
"Wave_2213",8.55211379100725
"Wave_2214",8.49741599197785
"Wave_2215",8.49930946138874
"Wave_2216",8.46716450463346
"Wave_2217",8.44197376324392
"Wave_2218",8.42969611707978
"Wave_2219",8.37858401652921
"Wave_2220",8.308754863962
"Wave_2221",8.24929762993069
"Wave_2222",8.22398077015906
"Wave_2223",8.19907403223078
"Wave_2224",8.13360436072144
"Wave_2225",8.04084375417816
"Wave_2226",7.92850126617462
"Wave_2227",7.83983270117635
"Wave_2228",7.76008712616863
"Wave_2229",7.65186475673351
"Wave_2230",7.55959152123363
"Wave_2231",7.46554806554492
"Wave_2232",7.35281698472528
"Wave_2233",7.24673517627491
"Wave_2234",7.16016007697478
"Wave_2235",7.06581842880073
"Wave_2236",6.95623624614112
"Wave_2237",6.81176822417049
"Wave_2238",6.63441369880822
"Wave_2239",6.44120640607034
"Wave_2240",6.26089000978857
"Wave_2241",6.08563704287334
"Wave_2242",5.89738893027669
"Wave_2243",5.70442633875472
"Wave_2244",5.52416477288521
"Wave_2245",5.3247572560228
"Wave_2246",5.07662139161743
"Wave_2247",4.83323967717977
"Wave_2248",4.60663207242925
"Wave_2249",4.33730940791798
"Wave_2250",4.05445211957177
"Wave_2251",3.81604943249685
"Wave_2252",3.51999264591475
"Wave_2253",3.18931336659393
"Wave_2254",2.8270230426782
"Wave_2255",2.44773816644377
"Wave_2256",2.12361588296322
"Wave_2257",1.84340723762111
"Wave_2258",1.53789936980584
"Wave_2259",1.21482300381419
"Wave_2260",0.894362183549551
"Wave_2261",0.54127717840732
"Wave_2262",0.172925147323456
"Wave_2263",-0.163665497063859
"Wave_2264",-0.487037629805442
"Wave_2265",-0.764223101741401
"Wave_2266",-1.02097263948215
"Wave_2267",-1.29850918233792
"Wave_2268",-1.54600797017633
"Wave_2269",-1.79403369345036
"Wave_2270",-2.05883251582638
"Wave_2271",-2.30892290241407
"Wave_2272",-2.47967093404208
"Wave_2273",-2.65226815030174
"Wave_2274",-2.8704300635694
"Wave_2275",-3.07862728259192
"Wave_2276",-3.25128404014755
"Wave_2277",-3.39061873118525
"Wave_2278",-3.50422384399495
"Wave_2279",-3.65769089203209
"Wave_2280",-3.8147035117527
"Wave_2281",-3.94350666357632
"Wave_2282",-4.1122906017431
"Wave_2283",-4.31035153674462
"Wave_2284",-4.5412096197709
"Wave_2285",-4.78009333968337
"Wave_2286",-5.03299484038945
"Wave_2287",-5.32235295522359
"Wave_2288",-5.523304015111
"Wave_2289",-5.71475281508466
"Wave_2290",-5.99876354756366
"Wave_2291",-6.26186596279894
"Wave_2292",-6.51076752486392
"Wave_2293",-6.80772960544098
"Wave_2294",-7.06323017276518
"Wave_2295",-7.29905215246901
"Wave_2296",-7.59334260699085
"Wave_2297",-7.91943956359053
"Wave_2298",-8.17556956792453
"Wave_2299",-8.41606851670305
"Wave_2300",-8.6616847414497
"Wave_2301",-8.88949497917809
"Wave_2302",-9.06930018800086
"Wave_2303",-9.1834421755075
"Wave_2304",-9.30942217321108
"Wave_2305",-9.41946373221959
"Wave_2306",-9.46791150551732
"Wave_2307",-9.501170443426
"Wave_2308",-9.47936014848664
"Wave_2309",-9.35885236520892
"Wave_2310",-9.23457359538752
"Wave_2311",-9.08465562143128
"Wave_2312",-8.81711186558009
"Wave_2313",-8.44977149393786
"Wave_2314",-8.10652715597104
"Wave_2315",-7.70041392201605
"Wave_2316",-7.26855885975592
"Wave_2317",-6.83809048714221
"Wave_2318",-6.45585310194232
"Wave_2319",-6.04952664758708
"Wave_2320",-5.66754915771074
"Wave_2321",-5.33312123576945
"Wave_2322",-5.04998675087188
"Wave_2323",-4.80765715480441
"Wave_2324",-4.59548274473857
"Wave_2325",-4.4258803759141
"Wave_2326",-4.31449726732363
"Wave_2327",-4.22279783233284
"Wave_2328",-4.09632373745839
"Wave_2329",-3.98702899826615
"Wave_2330",-4.02827232184441
"Wave_2331",-4.01602665763122
"Wave_2332",-3.95205522353315
"Wave_2333",-3.91639070674402
"Wave_2334",-3.92134938232561
"Wave_2335",-3.94621128088831
"Wave_2336",-3.93568899487895
"Wave_2337",-3.95007975976797
"Wave_2338",-4.01848239666865
"Wave_2339",-4.03693968878541
"Wave_2340",-4.07098781680083
"Wave_2341",-4.19371309608342
"Wave_2342",-4.32117872108821
"Wave_2343",-4.4436313600903
"Wave_2344",-4.53660776856485
"Wave_2345",-4.61756004348539
"Wave_2346",-4.69321205340605
"Wave_2347",-4.75073385058217
"Wave_2348",-4.84662198285112
"Wave_2349",-4.9568170107409
"Wave_2350",-4.92837105963311
"Wave_2351",-4.85930286474552
"Wave_2352",-4.80293023324676
"Wave_2353",-4.70694310204046
"Wave_2354",-4.6015968823752
"Wave_2355",-4.51567492021291
"Wave_2356",-4.41654305489898
"Wave_2357",-4.26073993400433
"Wave_2358",-4.10104064658402
"Wave_2359",-4.01995665103171
"Wave_2360",-3.97982859480467
"Wave_2361",-3.92176463556134
"Wave_2362",-3.82441648376562
"Wave_2363",-3.71800483182157
"Wave_2364",-3.65751234664151
"Wave_2365",-3.64672896948286
"Wave_2366",-3.65500832092813
"Wave_2367",-3.61310179987439
"Wave_2368",-3.54004211274155
"Wave_2369",-3.4785908953588
"Wave_2370",-3.38909546356553
"Wave_2371",-3.32770287263369
"Wave_2372",-3.25438793175982
"Wave_2373",-3.16345098810868
"Wave_2374",-3.09478661279152
"Wave_2375",-3.09604651069014
"Wave_2376",-3.13417568236154
"Wave_2377",-3.10672436996247
"Wave_2378",-3.03828825845162
"Wave_2379",-2.96189528481717
"Wave_2380",-2.89210764268741
"Wave_2381",-2.89929797900888
"Wave_2382",-2.96384760304132
"Wave_2383",-3.02195775614059
"Wave_2384",-3.01869855656896
"Wave_2385",-2.98272393831676
"Wave_2386",-2.93662223432067
"Wave_2387",-2.88871736341332
"Wave_2388",-2.83431411604751
"Wave_2389",-2.78446687880074
"Wave_2390",-2.76104915626354
"Wave_2391",-2.75973617803518
"Wave_2392",-2.77996852622028
"Wave_2393",-2.77632182110682
"Wave_2394",-2.75365245914518
"Wave_2395",-2.67665986371258
"Wave_2396",-2.57717620972741
"Wave_2397",-2.5021091339488
"Wave_2398",-2.4220700565623
"Wave_2399",-2.44335609752855
"Wave_2400",-2.60444521090445
