"","PERC_C.11.comps"
"(Intercept)",46.0849132089555
"Wave_1500",-10.8183419640438
"Wave_1501",-10.6091583416861
"Wave_1502",-9.81740324775382
"Wave_1503",-9.27904153108324
"Wave_1504",-9.58100047951466
"Wave_1505",-9.51395933415843
"Wave_1506",-8.76379765183795
"Wave_1507",-8.49724606525666
"Wave_1508",-8.55687127527938
"Wave_1509",-8.44630664631678
"Wave_1510",-7.70427487845096
"Wave_1511",-7.04737680628962
"Wave_1512",-7.12348580355598
"Wave_1513",-6.97508765141963
"Wave_1514",-6.13330362709282
"Wave_1515",-6.01872831967965
"Wave_1516",-6.0403810379778
"Wave_1517",-5.9555479849927
"Wave_1518",-5.32334542760419
"Wave_1519",-4.69116817530644
"Wave_1520",-4.78709692313276
"Wave_1521",-5.2453285945139
"Wave_1522",-4.34853342053263
"Wave_1523",-4.00048901088133
"Wave_1524",-3.79508460257867
"Wave_1525",-3.88803390196377
"Wave_1526",-3.445310541205
"Wave_1527",-2.48053292057024
"Wave_1528",-2.5509249820925
"Wave_1529",-3.20815163082731
"Wave_1530",-2.0713649576227
"Wave_1531",-1.42092176263679
"Wave_1532",-1.38217261820756
"Wave_1533",-1.66989578497027
"Wave_1534",-1.30178530196963
"Wave_1535",-0.667332834342633
"Wave_1536",-1.00518302887573
"Wave_1537",-1.68895600555433
"Wave_1538",-0.935792815725886
"Wave_1539",-0.361409359856608
"Wave_1540",-0.924658530454596
"Wave_1541",-1.64389142070677
"Wave_1542",-0.89276656461732
"Wave_1543",-0.0981276330433709
"Wave_1544",-0.519475898827406
"Wave_1545",-1.28923103419145
"Wave_1546",-0.617909768873667
"Wave_1547",0.0355932743966074
"Wave_1548",-0.0547700226854661
"Wave_1549",-0.336300004005613
"Wave_1550",-0.0168794567416941
"Wave_1551",0.33178610919226
"Wave_1552",0.266435607097592
"Wave_1553",-0.0562068031374398
"Wave_1554",0.52314148489571
"Wave_1555",1.00263958075096
"Wave_1556",0.977919250385884
"Wave_1557",0.922143265735508
"Wave_1558",1.33486317186183
"Wave_1559",1.48136871721232
"Wave_1560",1.34882593912739
"Wave_1561",1.39547736029254
"Wave_1562",1.84198496603987
"Wave_1563",2.23513393485755
"Wave_1564",2.54375960023267
"Wave_1565",2.66176714372362
"Wave_1566",2.75783365390808
"Wave_1567",3.14742603021412
"Wave_1568",3.44597061850594
"Wave_1569",3.49434285643777
"Wave_1570",3.87482040611465
"Wave_1571",4.30005030213501
"Wave_1572",4.3903858795756
"Wave_1573",4.26202861316169
"Wave_1574",4.29819032562203
"Wave_1575",4.79921016447224
"Wave_1576",4.95647476106213
"Wave_1577",4.70404336353475
"Wave_1578",5.10753700216521
"Wave_1579",5.66453124959923
"Wave_1580",5.76111985453505
"Wave_1581",5.61288224537935
"Wave_1582",5.59539017044993
"Wave_1583",5.91064155448472
"Wave_1584",5.86378452715498
"Wave_1585",5.69917398744017
"Wave_1586",5.87351449032913
"Wave_1587",6.1075403297441
"Wave_1588",5.95111123652387
"Wave_1589",5.85354583791682
"Wave_1590",6.11980770219526
"Wave_1591",6.48010534271475
"Wave_1592",6.61321269363129
"Wave_1593",6.4753637058436
"Wave_1594",6.66676949810506
"Wave_1595",6.87838526057538
"Wave_1596",6.52501715576239
"Wave_1597",6.19310016291947
"Wave_1598",6.39212583305231
"Wave_1599",6.92532662064611
"Wave_1600",7.00011376104264
"Wave_1601",6.65164520788565
"Wave_1602",6.48959824316103
"Wave_1603",6.52380995769581
"Wave_1604",6.67464721946922
"Wave_1605",6.5286504677841
"Wave_1606",6.14267223841103
"Wave_1607",6.043724565491
"Wave_1608",6.21874170438546
"Wave_1609",6.13309611006963
"Wave_1610",5.87559119150567
"Wave_1611",5.81701938565655
"Wave_1612",5.78629253172301
"Wave_1613",5.87037466162262
"Wave_1614",6.05389935491365
"Wave_1615",6.15992430762251
"Wave_1616",6.03073943654506
"Wave_1617",5.72691809457378
"Wave_1618",5.54986297996999
"Wave_1619",5.4020656404193
"Wave_1620",5.19781319515865
"Wave_1621",5.05751850107648
"Wave_1622",4.83506134293296
"Wave_1623",4.84077346843176
"Wave_1624",4.88439247022018
"Wave_1625",4.72665381572471
"Wave_1626",4.79095168931198
"Wave_1627",4.71473430985141
"Wave_1628",4.00680687192088
"Wave_1629",3.20138870941246
"Wave_1630",2.51128868615929
"Wave_1631",2.10161616004757
"Wave_1632",1.71304866987778
"Wave_1633",0.438146235693637
"Wave_1634",-0.884447789458499
"Wave_1635",-1.35133574895311
"Wave_1636",-1.89336549576066
"Wave_1637",-2.52506418257736
"Wave_1638",-2.61758506936914
"Wave_1639",-2.81174074190056
"Wave_1640",-3.13272324013753
"Wave_1641",-3.56310787792822
"Wave_1642",-3.97718804652675
"Wave_1643",-4.22808797050614
"Wave_1644",-4.14594883911095
"Wave_1645",-3.68390765958369
"Wave_1646",-3.05075655425992
"Wave_1647",-3.05893314550335
"Wave_1648",-3.29534090996551
"Wave_1649",-3.13589123748558
"Wave_1650",-2.87766008285739
"Wave_1651",-3.31436200969483
"Wave_1652",-3.42488121447315
"Wave_1653",-3.22083550116943
"Wave_1654",-3.78199418964919
"Wave_1655",-4.35013888302165
"Wave_1656",-4.32492598987664
"Wave_1657",-4.13796112562584
"Wave_1658",-4.14148620701621
"Wave_1659",-4.20563420044518
"Wave_1660",-4.21297626188588
"Wave_1661",-4.26309713015842
"Wave_1662",-4.55578434139995
"Wave_1663",-4.83421140402891
"Wave_1664",-4.6659039236087
"Wave_1665",-4.6738213634827
"Wave_1666",-5.34379969403449
"Wave_1667",-6.130777874127
"Wave_1668",-6.49049868366403
"Wave_1669",-6.58915725694721
"Wave_1670",-6.551188733939
"Wave_1671",-7.11488419506761
"Wave_1672",-7.34355820951293
"Wave_1673",-7.16988989768354
"Wave_1674",-7.23421132610837
"Wave_1675",-7.10786684835914
"Wave_1676",-5.96943747522256
"Wave_1677",-5.31655196034575
"Wave_1678",-4.59344053958716
"Wave_1679",-3.94663415061701
"Wave_1680",-2.70449825129031
"Wave_1681",-1.40035523591355
"Wave_1682",0.151707725592952
"Wave_1683",1.2645499073425
"Wave_1684",2.56001322632595
"Wave_1685",3.53232627232988
"Wave_1686",4.44938482818252
"Wave_1687",5.48702081463182
"Wave_1688",6.51465441805895
"Wave_1689",7.53868639812873
"Wave_1690",7.93935741544903
"Wave_1691",7.93692670157896
"Wave_1692",7.77662707737738
"Wave_1693",7.66615292822436
"Wave_1694",7.99317859789831
"Wave_1695",8.21440265888075
"Wave_1696",8.80097231743789
"Wave_1697",9.76417580290432
"Wave_1698",10.0924102538621
"Wave_1699",10.1029205571554
"Wave_1700",10.6644840938988
"Wave_1701",11.0977619204068
"Wave_1702",11.6176994800615
"Wave_1703",12.7217913146458
"Wave_1704",13.231056805916
"Wave_1705",13.2411306729828
"Wave_1706",12.9054206199132
"Wave_1707",12.1006410484869
"Wave_1708",11.7761153657968
"Wave_1709",11.7026083317491
"Wave_1710",10.6731865946161
"Wave_1711",9.31768788305159
"Wave_1712",8.551868316439
"Wave_1713",7.07236841397584
"Wave_1714",5.54442157995477
"Wave_1715",4.4987801339311
"Wave_1716",3.0986820931842
"Wave_1717",1.64399318191102
"Wave_1718",0.124277967949627
"Wave_1719",-1.73261899209353
"Wave_1720",-3.35782685815973
"Wave_1721",-4.90019002415151
"Wave_1722",-6.78705046351739
"Wave_1723",-8.80959107890516
"Wave_1724",-10.3661073091741
"Wave_1725",-12.642010821322
"Wave_1726",-14.8967727603961
"Wave_1727",-16.9473829632314
"Wave_1728",-17.9173815953852
"Wave_1729",-19.8491810806681
"Wave_1730",-21.3769637623987
"Wave_1731",-21.5852619060728
"Wave_1732",-21.6110609968537
"Wave_1733",-21.5658535954082
"Wave_1734",-21.3378419823746
"Wave_1735",-19.7828951929207
"Wave_1736",-18.6762834720121
"Wave_1737",-16.1201969541215
"Wave_1738",-14.057446335999
"Wave_1739",-11.3563927178543
"Wave_1740",-9.47615825040365
"Wave_1741",-6.74806074682756
"Wave_1742",-4.76663106000036
"Wave_1743",-3.15641595954878
"Wave_1744",-1.84583292948855
"Wave_1745",-0.727852413627839
"Wave_1746",0.184430604836847
"Wave_1747",0.91319448141714
"Wave_1748",1.75844929941742
"Wave_1749",2.69542052072973
"Wave_1750",2.71503314382188
"Wave_1751",2.98350653524709
"Wave_1752",3.25499621072458
"Wave_1753",3.15467683982336
"Wave_1754",2.84368805480656
"Wave_1755",2.83400841075446
"Wave_1756",2.02977458571737
"Wave_1757",1.4276362665755
"Wave_1758",1.00039389550153
"Wave_1759",0.362226981975554
"Wave_1760",-0.52152661542309
"Wave_1761",-1.06951704077211
"Wave_1762",-2.13768466766119
"Wave_1763",-2.21550362289176
"Wave_1764",-1.81968475967782
"Wave_1765",-2.06629611880482
"Wave_1766",-1.59320932614359
"Wave_1767",-1.00407090784803
"Wave_1768",-1.0353822096865
"Wave_1769",-0.589966684811187
"Wave_1770",0.989486634852107
"Wave_1771",2.23541290353066
"Wave_1772",3.16480817159282
"Wave_1773",3.9998130468206
"Wave_1774",4.73312336998016
"Wave_1775",5.3547036159741
"Wave_1776",6.1476538212217
"Wave_1777",6.68384141061071
"Wave_1778",6.35072236718053
"Wave_1779",6.75511080022838
"Wave_1780",6.64704346713295
"Wave_1781",6.63338448840341
"Wave_1782",6.14817742647907
"Wave_1783",6.13305391081261
"Wave_1784",6.32933151132674
"Wave_1785",6.73033435016013
"Wave_1786",6.4252546895884
"Wave_1787",6.04970178603355
"Wave_1788",5.03558164589561
"Wave_1789",4.82940212367535
"Wave_1790",4.91912317453568
"Wave_1791",5.44395864314629
"Wave_1792",4.78491919352782
"Wave_1793",4.46832867027381
"Wave_1794",3.89284475001716
"Wave_1795",3.09349238031285
"Wave_1796",2.31167057443202
"Wave_1797",1.87546930912442
"Wave_1798",1.36540520358052
"Wave_1799",1.41211934160827
"Wave_1800",1.42929355841595
"Wave_1801",1.30354058414544
"Wave_1802",1.04715565507242
"Wave_1803",1.18429844875854
"Wave_1804",0.578538590597033
"Wave_1805",-0.904450407056701
"Wave_1806",-2.11537347904718
"Wave_1807",-2.75988667933768
"Wave_1808",-3.18303167430485
"Wave_1809",-3.45149393580784
"Wave_1810",-3.26999330300171
"Wave_1811",-3.10432656217819
"Wave_1812",-2.94526728719275
"Wave_1813",-3.3576038699132
"Wave_1814",-4.31231553681908
"Wave_1815",-5.09693281170242
"Wave_1816",-5.95452195342999
"Wave_1817",-5.78850859022492
"Wave_1818",-5.79774929476259
"Wave_1819",-5.35324021825931
"Wave_1820",-4.99160447989865
"Wave_1821",-4.76233280124394
"Wave_1822",-4.74054230198944
"Wave_1823",-4.74757813080627
"Wave_1824",-4.86367081205203
"Wave_1825",-5.28439407384553
"Wave_1826",-5.20528437683052
"Wave_1827",-5.16516822455876
"Wave_1828",-5.17775369014794
"Wave_1829",-5.91023126013232
"Wave_1830",-5.64807379317764
"Wave_1831",-5.90572249565956
"Wave_1832",-5.99817855402485
"Wave_1833",-6.50959509418443
"Wave_1834",-7.16741180071616
"Wave_1835",-7.16009784897048
"Wave_1836",-7.11907706876206
"Wave_1837",-6.80963239830537
"Wave_1838",-7.34561052211453
"Wave_1839",-6.48587158668176
"Wave_1840",-6.52137316698705
"Wave_1841",-6.77732591487394
"Wave_1842",-6.87277768441784
"Wave_1843",-5.91054879641552
"Wave_1844",-4.72204681001438
"Wave_1845",-4.32789766094264
"Wave_1846",-2.64548739515776
"Wave_1847",-3.53598551140198
"Wave_1848",-1.58821301494704
"Wave_1849",-0.919630781687443
"Wave_1850",-0.417862055682485
"Wave_1851",-1.41334367926676
"Wave_1852",-1.24360379697051
"Wave_1853",0.947171744581497
"Wave_1854",1.63208118018966
"Wave_1855",3.29136277733431
"Wave_1856",2.06470806175382
"Wave_1857",5.43213753672009
"Wave_1858",6.48010209712091
"Wave_1859",7.24670708278994
"Wave_1860",6.50704191035183
"Wave_1861",7.79075305780954
"Wave_1862",10.3117268727169
"Wave_1863",11.58049444531
"Wave_1864",12.0598127117219
"Wave_1865",8.76614065762777
"Wave_1866",13.3758843566806
"Wave_1867",14.1866356439584
"Wave_1868",13.9879457623761
"Wave_1869",11.2187776495585
"Wave_1870",11.4227644759617
"Wave_1871",13.3692713912032
"Wave_1872",12.9849332211429
"Wave_1873",11.7694097697335
"Wave_1874",6.70279374136141
"Wave_1875",9.40100765204405
"Wave_1876",11.2273563160444
"Wave_1877",6.67912468824344
"Wave_1878",3.22941858191278
"Wave_1879",2.45999114729065
"Wave_1880",4.34256901102788
"Wave_1881",2.35148830668254
"Wave_1882",-0.0694404014769816
"Wave_1883",-4.8715957112942
"Wave_1884",-3.26894462344384
"Wave_1885",-0.43364043254354
"Wave_1886",-6.33341245813846
"Wave_1887",-7.62559326262046
"Wave_1888",-9.91680856703327
"Wave_1889",-7.08381332843417
"Wave_1890",-7.54782981901888
"Wave_1891",-10.0426720873217
"Wave_1892",-10.4393175441619
"Wave_1893",-9.84822938738878
"Wave_1894",-4.79464534581047
"Wave_1895",-10.1030849843372
"Wave_1896",-9.26916332804943
"Wave_1897",-8.93441467688588
"Wave_1898",-6.58619729172038
"Wave_1899",-6.36089591836587
"Wave_1900",-7.44399724904936
"Wave_1901",-5.58858147807824
"Wave_1902",-5.52380140509793
"Wave_1903",-2.34598618671097
"Wave_1904",-3.8233072639782
"Wave_1905",-1.07196939908288
"Wave_1906",-1.29440604119032
"Wave_1907",0.147484010967969
"Wave_1908",0.951319616003421
"Wave_1909",1.39697016638362
"Wave_1910",2.4724850133395
"Wave_1911",2.88417995192176
"Wave_1912",4.02009050867273
"Wave_1913",3.22390749865711
"Wave_1914",3.63602869168028
"Wave_1915",3.60086041639059
"Wave_1916",4.56725944854568
"Wave_1917",4.03863530534823
"Wave_1918",3.89365035482259
"Wave_1919",4.00062055986767
"Wave_1920",4.50884106161717
"Wave_1921",5.2209411292279
"Wave_1922",4.99763744678442
"Wave_1923",5.17002263719385
"Wave_1924",4.6366364630337
"Wave_1925",4.23076524833786
"Wave_1926",4.05428021958877
"Wave_1927",4.6576161291917
"Wave_1928",5.112465793299
"Wave_1929",5.05567226450832
"Wave_1930",4.53241431350319
"Wave_1931",4.45246422942247
"Wave_1932",4.31726236933557
"Wave_1933",3.7864401479438
"Wave_1934",3.87061858545099
"Wave_1935",3.34065455823277
"Wave_1936",3.09637810332187
"Wave_1937",2.84501312506545
"Wave_1938",3.31940833724758
"Wave_1939",3.49177343189124
"Wave_1940",3.41520095364716
"Wave_1941",3.09575610685498
"Wave_1942",2.44006928993474
"Wave_1943",1.8746650971517
"Wave_1944",1.68549621412883
"Wave_1945",1.68195619046007
"Wave_1946",1.08693466819681
"Wave_1947",1.0278530441034
"Wave_1948",0.556156248152672
"Wave_1949",0.612983279284848
"Wave_1950",0.752092438870725
"Wave_1951",0.680414236946478
"Wave_1952",0.742748358703079
"Wave_1953",0.773555866899166
"Wave_1954",0.0836316938391953
"Wave_1955",-0.455543870722993
"Wave_1956",-0.57553801899702
"Wave_1957",-0.665024293229539
"Wave_1958",-0.216173844732477
"Wave_1959",-0.219449255059584
"Wave_1960",-0.608902827651526
"Wave_1961",-1.29060816525135
"Wave_1962",-1.4037592926779
"Wave_1963",-2.20638270149545
"Wave_1964",-2.91494277568512
"Wave_1965",-2.92623532841137
"Wave_1966",-2.6026013048796
"Wave_1967",-2.42165040602729
"Wave_1968",-3.41182252607111
"Wave_1969",-4.16410898381838
"Wave_1970",-4.18211399006567
"Wave_1971",-3.94207842443718
"Wave_1972",-4.53715928125638
"Wave_1973",-5.51213710415996
"Wave_1974",-6.11394078599313
"Wave_1975",-6.30455954380702
"Wave_1976",-6.53512216620375
"Wave_1977",-6.97516424944576
"Wave_1978",-7.12107281519102
"Wave_1979",-7.08744127743057
"Wave_1980",-6.67089934021165
"Wave_1981",-6.93992647342307
"Wave_1982",-7.25608887988048
"Wave_1983",-7.31551802666539
"Wave_1984",-7.29492771756931
"Wave_1985",-8.05915989668354
"Wave_1986",-8.99125194737841
"Wave_1987",-9.16426303710039
"Wave_1988",-8.49167224501655
"Wave_1989",-8.076996187197
"Wave_1990",-8.37106872210904
"Wave_1991",-8.54671631617274
"Wave_1992",-7.96965864938018
"Wave_1993",-7.53121514656409
"Wave_1994",-7.86379816445392
"Wave_1995",-8.11422283007708
"Wave_1996",-7.81544366041746
"Wave_1997",-7.64757770331996
"Wave_1998",-7.71655839533593
"Wave_1999",-7.79240377572289
"Wave_2000",-7.4369801448426
"Wave_2001",-7.12101557698458
"Wave_2002",-7.13777637178892
"Wave_2003",-7.42338741774431
"Wave_2004",-7.65409982983523
"Wave_2005",-7.08603441038253
"Wave_2006",-6.58207359501916
"Wave_2007",-6.31503204825967
"Wave_2008",-6.68279073131577
"Wave_2009",-6.66785378569253
"Wave_2010",-5.99130198232083
"Wave_2011",-5.46922880154165
"Wave_2012",-5.8909379954276
"Wave_2013",-6.46971243754364
"Wave_2014",-6.22194126661358
"Wave_2015",-5.71952612100096
"Wave_2016",-5.25282063841952
"Wave_2017",-4.96011403647551
"Wave_2018",-3.99603159860606
"Wave_2019",-3.81847195363321
"Wave_2020",-4.40088118378109
"Wave_2021",-4.64032032176814
"Wave_2022",-3.901178484315
"Wave_2023",-3.17976785604846
"Wave_2024",-2.74604406554763
"Wave_2025",-2.65305142460908
"Wave_2026",-2.62161090076371
"Wave_2027",-2.02912945570224
"Wave_2028",-1.26446398543894
"Wave_2029",-1.11430318316509
"Wave_2030",-1.38655769499613
"Wave_2031",-1.42955843482033
"Wave_2032",-1.06947069798563
"Wave_2033",-0.398627121052424
"Wave_2034",-0.160076898305312
"Wave_2035",0.64870276721628
"Wave_2036",1.64141854500712
"Wave_2037",1.6327606551894
"Wave_2038",1.68692275077488
"Wave_2039",2.39022571733606
"Wave_2040",3.0416946667073
"Wave_2041",2.87941252744198
"Wave_2042",3.23143416660753
"Wave_2043",3.55604372391415
"Wave_2044",4.34744221191614
"Wave_2045",5.35431327028716
"Wave_2046",6.27046068773443
"Wave_2047",6.65377014131352
"Wave_2048",6.83831780900508
"Wave_2049",7.2708130237991
"Wave_2050",7.52575223103603
"Wave_2051",7.55046541554493
"Wave_2052",7.59311118750501
"Wave_2053",8.02188761492476
"Wave_2054",8.40410282482066
"Wave_2055",9.12864362249104
"Wave_2056",10.3354255271749
"Wave_2057",11.3213670037639
"Wave_2058",11.803202387379
"Wave_2059",11.6922193609276
"Wave_2060",11.5125595403621
"Wave_2061",11.2668970450676
"Wave_2062",11.370522880632
"Wave_2063",11.7455172037809
"Wave_2064",11.5829190781165
"Wave_2065",10.9757474929748
"Wave_2066",11.2634685587036
"Wave_2067",12.0984234726432
"Wave_2068",11.7154438767549
"Wave_2069",11.3478715439067
"Wave_2070",11.4047043763962
"Wave_2071",11.3709675141604
"Wave_2072",10.6068267123317
"Wave_2073",9.73042721900183
"Wave_2074",9.5612540440035
"Wave_2075",10.2955945000188
"Wave_2076",10.5663700844666
"Wave_2077",9.84049782959537
"Wave_2078",9.79186718325547
"Wave_2079",10.162113645789
"Wave_2080",9.41103331951023
"Wave_2081",8.62056723307219
"Wave_2082",8.4593204358085
"Wave_2083",8.98365065381797
"Wave_2084",9.78288959032085
"Wave_2085",9.08621736364581
"Wave_2086",8.01811618337387
"Wave_2087",7.55466089825776
"Wave_2088",7.18112853368199
"Wave_2089",6.93515240568732
"Wave_2090",6.58145658349064
"Wave_2091",6.11418323100453
"Wave_2092",5.79134458669472
"Wave_2093",5.44992900865928
"Wave_2094",5.47549827953549
"Wave_2095",5.70817607959011
"Wave_2096",5.69125925555519
"Wave_2097",5.59279482489182
"Wave_2098",5.44093184756923
"Wave_2099",5.02483783860678
"Wave_2100",4.31373562748629
"Wave_2101",3.70918004905284
"Wave_2102",3.10071542068509
"Wave_2103",2.12206072674035
"Wave_2104",1.63591784256868
"Wave_2105",1.38738303167188
"Wave_2106",0.720918065620665
"Wave_2107",-0.0713680504806553
"Wave_2108",-0.445764248714841
"Wave_2109",-0.0876068004153225
"Wave_2110",-0.281190842692624
"Wave_2111",-1.35291957604571
"Wave_2112",-1.7904902219645
"Wave_2113",-1.60960059759075
"Wave_2114",-1.68255816311577
"Wave_2115",-2.94416110696991
"Wave_2116",-3.85789802689027
"Wave_2117",-4.23696360224334
"Wave_2118",-5.12165155520971
"Wave_2119",-5.89728373806458
"Wave_2120",-6.13958740913598
"Wave_2121",-6.46281093215592
"Wave_2122",-7.22754016236151
"Wave_2123",-7.21111458569719
"Wave_2124",-7.56816650507937
"Wave_2125",-8.64308258127204
"Wave_2126",-8.93406424342337
"Wave_2127",-9.40040185431706
"Wave_2128",-10.1194084684087
"Wave_2129",-10.6445132940769
"Wave_2130",-10.313462675786
"Wave_2131",-10.3938406187777
"Wave_2132",-10.7238982738413
"Wave_2133",-11.0988437378775
"Wave_2134",-10.206066601733
"Wave_2135",-9.89342251609059
"Wave_2136",-9.76796122827566
"Wave_2137",-9.75617448952721
"Wave_2138",-9.60899105518816
"Wave_2139",-9.01963272637188
"Wave_2140",-8.87649623717969
"Wave_2141",-9.02926843545088
"Wave_2142",-8.97053341566345
"Wave_2143",-8.54299447697184
"Wave_2144",-8.14689707481112
"Wave_2145",-7.92324657791524
"Wave_2146",-7.82576456650975
"Wave_2147",-6.95601891391775
"Wave_2148",-6.22794493250408
"Wave_2149",-5.3184046752154
"Wave_2150",-4.62969602390146
"Wave_2151",-4.1283516219445
"Wave_2152",-3.75316428996114
"Wave_2153",-2.6590851951193
"Wave_2154",-2.1766212977781
"Wave_2155",-1.86602264111972
"Wave_2156",-1.10155065415522
"Wave_2157",-0.602202194884438
"Wave_2158",-0.56283534689149
"Wave_2159",0.197705264616054
"Wave_2160",0.895957044195693
"Wave_2161",0.420919448670286
"Wave_2162",0.287325083429497
"Wave_2163",0.47783982078298
"Wave_2164",0.992483692988918
"Wave_2165",1.13635461055426
"Wave_2166",1.41824099680386
"Wave_2167",1.2515512403681
"Wave_2168",1.96537838854036
"Wave_2169",2.84378601097244
"Wave_2170",3.08699874864243
"Wave_2171",2.60934433928782
"Wave_2172",1.93027713671167
"Wave_2173",2.54685268885694
"Wave_2174",3.4677422517981
"Wave_2175",3.65145632489883
"Wave_2176",4.14171717614632
"Wave_2177",4.43176673077468
"Wave_2178",3.88233292965253
"Wave_2179",3.71076342007031
"Wave_2180",4.49911133546518
"Wave_2181",4.82023701414718
"Wave_2182",4.19132543181598
"Wave_2183",4.10198598984273
"Wave_2184",3.77141252685418
"Wave_2185",3.85975808485917
"Wave_2186",3.3972960805426
"Wave_2187",3.00896037407646
"Wave_2188",3.17827633706635
"Wave_2189",3.19278776938769
"Wave_2190",3.35020125224098
"Wave_2191",2.69738445875383
"Wave_2192",1.79938821537933
"Wave_2193",1.090564933254
"Wave_2194",0.903928497357374
"Wave_2195",1.81195325760985
"Wave_2196",1.43642547489191
"Wave_2197",0.633883676874315
"Wave_2198",1.24279438920557
"Wave_2199",1.56291745560695
"Wave_2200",1.53379436206084
"Wave_2201",2.17391926554421
"Wave_2202",2.54580119300042
"Wave_2203",2.73052572243965
"Wave_2204",3.12837136666698
"Wave_2205",2.65125105604226
"Wave_2206",2.14414946802751
"Wave_2207",1.97957418106898
"Wave_2208",2.34676468864171
"Wave_2209",2.70854794973189
"Wave_2210",2.6289964340594
"Wave_2211",1.96848484520536
"Wave_2212",2.36094003274208
"Wave_2213",2.83452412809846
"Wave_2214",2.43098834368685
"Wave_2215",1.94157360874706
"Wave_2216",2.35564009451668
"Wave_2217",2.35396641061379
"Wave_2218",2.39329461414059
"Wave_2219",2.51698028692679
"Wave_2220",2.09697648923122
"Wave_2221",1.44517749585592
"Wave_2222",1.33973396457626
"Wave_2223",1.708859905704
"Wave_2224",1.79790187247778
"Wave_2225",2.03205803581249
"Wave_2226",2.36636655753612
"Wave_2227",1.84396497436433
"Wave_2228",0.902129894065038
"Wave_2229",0.0323890266520841
"Wave_2230",-1.5459876477233
"Wave_2231",-2.2870811697757
"Wave_2232",-2.21837741409313
"Wave_2233",-2.43084450346025
"Wave_2234",-3.87438005808441
"Wave_2235",-5.09907555226041
"Wave_2236",-6.78669853942078
"Wave_2237",-8.32584355940678
"Wave_2238",-9.03915855239192
"Wave_2239",-9.74502678038684
"Wave_2240",-10.6816088993647
"Wave_2241",-11.7571849393435
"Wave_2242",-11.2429597070778
"Wave_2243",-10.0704265663424
"Wave_2244",-10.3060060681933
"Wave_2245",-10.8674098237377
"Wave_2246",-11.1387127350612
"Wave_2247",-11.7564087032173
"Wave_2248",-11.9047623757299
"Wave_2249",-11.9400800538621
"Wave_2250",-11.7244043800208
"Wave_2251",-12.211652285131
"Wave_2252",-12.3698249705911
"Wave_2253",-12.876787322567
"Wave_2254",-13.1465384891063
"Wave_2255",-13.2396273356213
"Wave_2256",-12.6382728490121
"Wave_2257",-11.9816439656569
"Wave_2258",-10.66272308319
"Wave_2259",-9.9900907140833
"Wave_2260",-9.78500672068999
"Wave_2261",-9.23135311606961
"Wave_2262",-9.35028208100194
"Wave_2263",-8.46954291178835
"Wave_2264",-7.40315478273165
"Wave_2265",-6.16021296152479
"Wave_2266",-4.18137865900582
"Wave_2267",-2.5253259113484
"Wave_2268",-1.92938682388973
"Wave_2269",-1.18818084128787
"Wave_2270",-1.09709180375432
"Wave_2271",-0.75502849922613
"Wave_2272",0.340486415373813
"Wave_2273",1.8510229138913
"Wave_2274",2.87182636065757
"Wave_2275",3.68471820074477
"Wave_2276",4.90801680496256
"Wave_2277",5.8593518098212
"Wave_2278",6.27139227350614
"Wave_2279",6.28027607986892
"Wave_2280",7.18085041939184
"Wave_2281",7.79213863738972
"Wave_2282",8.67428019476104
"Wave_2283",9.64823891018384
"Wave_2284",10.5607270214299
"Wave_2285",11.345494142335
"Wave_2286",12.69181841646
"Wave_2287",13.4720240965925
"Wave_2288",12.998439498948
"Wave_2289",12.6153380632357
"Wave_2290",12.3049539318488
"Wave_2291",11.8507354659346
"Wave_2292",11.248377455925
"Wave_2293",11.0039214222361
"Wave_2294",11.0342823987704
"Wave_2295",9.7365472098393
"Wave_2296",8.3772901923068
"Wave_2297",6.19041198668017
"Wave_2298",3.62550662203571
"Wave_2299",1.43351412291999
"Wave_2300",-0.105133358505061
"Wave_2301",-2.56055116336791
"Wave_2302",-5.50555180784117
"Wave_2303",-8.67040489126461
"Wave_2304",-10.9066780762824
"Wave_2305",-13.8021430175923
"Wave_2306",-17.5623674319612
"Wave_2307",-21.4659836354561
"Wave_2308",-24.1816059140965
"Wave_2309",-28.8091924858408
"Wave_2310",-31.6365674281738
"Wave_2311",-33.0584577931181
"Wave_2312",-34.6721506120883
"Wave_2313",-36.8963975151204
"Wave_2314",-36.4111848456465
"Wave_2315",-33.501671523397
"Wave_2316",-30.6564886953173
"Wave_2317",-25.4262586718668
"Wave_2318",-21.9415943906537
"Wave_2319",-17.5731625317783
"Wave_2320",-13.2825647948494
"Wave_2321",-8.13458761216473
"Wave_2322",-4.56647862573626
"Wave_2323",-2.10779433207335
"Wave_2324",0.947890885007757
"Wave_2325",4.8410082707573
"Wave_2326",7.82257264455862
"Wave_2327",7.97902302769775
"Wave_2328",8.26789237689972
"Wave_2329",8.67148171080014
"Wave_2330",8.60661532705027
"Wave_2331",8.64040820519067
"Wave_2332",10.3009595187972
"Wave_2333",11.9577811225977
"Wave_2334",12.3189583407808
"Wave_2335",12.5472445582562
"Wave_2336",11.8136916699058
"Wave_2337",9.52635883441849
"Wave_2338",8.40954466861669
"Wave_2339",7.54954001596456
"Wave_2340",5.84146518661179
"Wave_2341",4.23373076232428
"Wave_2342",3.50232173686266
"Wave_2343",5.00437212306852
"Wave_2344",6.6759945098328
"Wave_2345",6.49280695106262
"Wave_2346",3.91365264784364
"Wave_2347",0.894691563281742
"Wave_2348",-0.615496377416342
"Wave_2349",-0.478145631658635
"Wave_2350",-1.96474914911305
"Wave_2351",-3.36371130708087
"Wave_2352",-3.16583465924465
"Wave_2353",-2.26942668582827
"Wave_2354",-2.3459754049855
"Wave_2355",-2.19487884240851
"Wave_2356",-0.815551901032318
"Wave_2357",1.46655048717777
"Wave_2358",4.11489329669276
"Wave_2359",5.51909231593742
"Wave_2360",8.2772635537979
"Wave_2361",10.1940643424516
"Wave_2362",11.8709076791021
"Wave_2363",13.0732805886443
"Wave_2364",12.9612924904807
"Wave_2365",13.1999430091493
"Wave_2366",14.0333681668269
"Wave_2367",14.5306478373799
"Wave_2368",13.0189607361
"Wave_2369",11.4669614173292
"Wave_2370",10.7809991328225
"Wave_2371",11.2688218686689
"Wave_2372",11.0688727482248
"Wave_2373",10.6512452540455
"Wave_2374",11.2558626692466
"Wave_2375",10.3794662814655
"Wave_2376",8.88302385642726
"Wave_2377",8.04886508410991
"Wave_2378",7.5722290687244
"Wave_2379",5.7795496340544
"Wave_2380",3.71119127572269
"Wave_2381",3.98484665967766
"Wave_2382",4.26340653454256
"Wave_2383",5.04562964255202
"Wave_2384",5.80567590773417
"Wave_2385",3.95518466590848
"Wave_2386",2.10327676446162
"Wave_2387",2.21011873098254
"Wave_2388",2.32596394749645
"Wave_2389",3.00250591729359
"Wave_2390",3.77830444603338
"Wave_2391",4.54876996348728
"Wave_2392",6.45845185663711
"Wave_2393",6.45852425134859
"Wave_2394",6.36376388958974
"Wave_2395",7.25177567823341
"Wave_2396",6.76408854210357
"Wave_2397",8.36755408096576
"Wave_2398",11.3940689530477
"Wave_2399",12.4525136909334
"Wave_2400",14.4123103613667
